srrecordid,servicerequestnum,srtype,methodreceived,createddate,srstatus,statusdate,duedate,agency,lastactivity,address,zipcode,neighborhood,councildistrict,policedistrict,geolocation.latitude,geolocation.longitude,geolocation.human_address,lastactivitydate,outcome,closedate,crimedate,crimetime,crimecode,location,description,inside_outside,weapon,post,district,neighborhood.1,premise,vri_name1,total_incidents,geometry
5004M00000e0NrtQAE,20-00403652,SW-HGW,API,2020-07-01T19:44:05Z,Open,2020-07-01T19:44:05Z,2020-08-13T19:44:05Z,Solid Waste,Service Response,"21 S CAREY ST, Baltimore City, 21223",21223,HOLLINS MARKET,9,Southern,39.28787480021545,-76.6379352543314,NA,NA,NA,NA,2020-12-05,15:33:00,9S,0 S CAREY ST,SHOOTING,Outside,FIREARM,711,WESTERN,FRANKLIN SQUARE,STREET,Tri-District,1,"c(-76.6379352543314, 39.2878748002154)"
5004M00000e0O6oQAE,20-00403856,SW-HGW,API,2020-07-01T20:14:36Z,Open,2020-07-01T20:14:36Z,2020-08-13T20:14:36Z,Solid Waste,Service Response,"13 S CAREY ST, Baltimore City, 21223",21223,HOLLINS MARKET,9,Southern,39.28801435030534,-76.63794792866442,NA,NA,NA,NA,2020-12-05,15:33:00,9S,0 S CAREY ST,SHOOTING,Outside,FIREARM,711,WESTERN,FRANKLIN SQUARE,STREET,Tri-District,1,"c(-76.6379479286644, 39.2880143503053)"
5004M00000epAUrQAM,20-00580484,SW-HGW,API,2020-08-26T15:08:10Z,Open,2020-08-26T15:08:10Z,2020-10-08T15:08:10Z,Solid Waste,Service Response,"12 S CALHOUN ST, Baltimore City, 21223",21223,UNION SQUARE,9,Southern,39.28788635995758,-76.63967975460497,NA,NA,NA,NA,2020-12-05,15:33:00,9S,0 S CAREY ST,SHOOTING,Outside,FIREARM,711,WESTERN,FRANKLIN SQUARE,STREET,Tri-District,1,"c(-76.639679754605, 39.2878863599576)"
5004M00000epCa4QAE,20-00582062,SW-HGW,API,2020-08-26T19:04:02Z,Open,2020-08-26T19:04:02Z,2020-10-08T19:04:02Z,Solid Waste,Service Response,"15 S CAREY ST, Baltimore City, 21223",21223,HOLLINS MARKET,9,Southern,39.28797760191268,-76.63791817129481,NA,NA,NA,NA,2020-12-05,15:33:00,9S,0 S CAREY ST,SHOOTING,Outside,FIREARM,711,WESTERN,FRANKLIN SQUARE,STREET,Tri-District,1,"c(-76.6379181712948, 39.2879776019127)"
5004M00000epSTYQA2,20-00590751,SW-HGW,API,2020-08-28T19:03:22Z,Open,2020-08-28T19:03:22Z,2020-10-13T19:03:22Z,Solid Waste,Service Response,"1400 HOLLINS ST, Baltimore City, 21223",21223,UNION SQUARE,9,Southern,39.28764872035175,-76.63965969472787,NA,NA,NA,NA,2020-12-05,15:33:00,9S,0 S CAREY ST,SHOOTING,Outside,FIREARM,711,WESTERN,FRANKLIN SQUARE,STREET,Tri-District,1,"c(-76.6396596947279, 39.2876487203517)"
5004M00000fX9jTQAS,20-00640435,SW-Cleaning,API,2020-09-17T18:43:18Z,Open,2020-09-17T18:43:18Z,2020-10-30T18:43:18Z,Solid Waste,Service Response,"1219 HOLLINS ST, Baltimore City, 21223",21223,HOLLINS MARKET,9,Southern,39.287414896288475,-76.63749435638618,NA,NA,NA,NA,2020-12-05,15:33:00,9S,0 S CAREY ST,SHOOTING,Outside,FIREARM,711,WESTERN,FRANKLIN SQUARE,STREET,Tri-District,1,"c(-76.6374943563862, 39.2874148962885)"
5004M00000fYp6kQAC,20-00685731,SW-HGW,API,2020-10-06T19:03:20Z,Open,2020-10-06T19:03:20Z,2020-11-20T19:03:20Z,Solid Waste,Service Response,"1314 W BALTIMORE ST, Baltimore City, 21223",21223,FRANKLIN SQUARE,9,Western,39.28871667775053,-76.63892405094711,NA,NA,NA,NA,2020-12-05,15:33:00,9S,0 S CAREY ST,SHOOTING,Outside,FIREARM,711,WESTERN,FRANKLIN SQUARE,STREET,Tri-District,1,"c(-76.6389240509471, 39.2887166777505)"
5004M00000fYp7iQAC,20-00685743,SW-HGW,API,2020-10-06T19:04:39Z,Open,2020-10-06T19:04:39Z,2020-11-20T19:04:39Z,Solid Waste,Service Response,"1316 W BALTIMORE ST, Baltimore City, 21223",21223,FRANKLIN SQUARE,9,Western,39.28869544534588,-76.63898935659296,NA,NA,NA,NA,2020-12-05,15:33:00,9S,0 S CAREY ST,SHOOTING,Outside,FIREARM,711,WESTERN,FRANKLIN SQUARE,STREET,Tri-District,1,"c(-76.638989356593, 39.2886954453459)"
5004M00000fYpO0QAK,20-00685921,SW-HGW,API,2020-10-06T19:43:14Z,Open,2020-10-06T19:43:14Z,2020-11-20T19:43:14Z,Solid Waste,Service Response,"1318 W BALTIMORE ST, Baltimore City, 21223",21223,FRANKLIN SQUARE,9,Western,39.28862914925913,-76.63904353012434,NA,NA,NA,NA,2020-12-05,15:33:00,9S,0 S CAREY ST,SHOOTING,Outside,FIREARM,711,WESTERN,FRANKLIN SQUARE,STREET,Tri-District,1,"c(-76.6390435301243, 39.2886291492591)"
5004M00000gAJouQAG,20-00783326,SW-Cleaning,API,2020-11-18T16:48:10Z,Open,2020-11-18T16:48:10Z,2021-01-01T16:48:10Z,Solid Waste,Service Response,"8 S CALHOUN ST, Baltimore City, 21223",21223,UNION SQUARE,9,Southern,39.28797697288614,-76.63968246383331,NA,NA,NA,NA,2020-12-05,15:33:00,9S,0 S CAREY ST,SHOOTING,Outside,FIREARM,711,WESTERN,FRANKLIN SQUARE,STREET,Tri-District,1,"c(-76.6396824638333, 39.2879769728861)"
5004M00000gAt9MQAS,20-00797424,SW-Cleaning,API,2020-11-24T21:48:10Z,Open,2020-11-24T21:48:10Z,2021-01-06T21:48:10Z,Solid Waste,Service Response,"11 N CAREY ST, Baltimore City, 21223",21223,POPPLETON,9,Western,39.28897662848635,-76.63800382374214,NA,NA,NA,NA,2020-12-05,15:33:00,9S,0 S CAREY ST,SHOOTING,Outside,FIREARM,711,WESTERN,FRANKLIN SQUARE,STREET,Tri-District,1,"c(-76.6380038237421, 39.2889766284864)"
5004M00000gBl1dQAC,20-00816561,SW-Dirty Street,API,2020-12-03T21:17:44Z,New,2020-12-03T21:17:44Z,2020-12-14T21:17:44Z,Solid Waste,Service Response,"11 N CAREY ST, Baltimore City, 21223",21223,POPPLETON,9,Western,39.28897662848635,-76.63800382374214,NA,NA,NA,NA,2020-12-05,15:33:00,9S,0 S CAREY ST,SHOOTING,Outside,FIREARM,711,WESTERN,FRANKLIN SQUARE,STREET,Tri-District,1,"c(-76.6380038237421, 39.2889766284864)"
5004M00000gBo8dQAC,20-00817132,HCD-Sanitation Property,API,2020-12-04T12:57:51Z,Open,2020-12-04T12:57:51Z,2020-12-14T12:57:51Z,Housing,Service Response,"36 S CAREY ST, Baltimore City, 21223",21223,UNION SQUARE,9,Southern,39.286949830481426,-76.63821253640376,NA,NA,NA,NA,2020-12-05,15:33:00,9S,0 S CAREY ST,SHOOTING,Outside,FIREARM,711,WESTERN,FRANKLIN SQUARE,STREET,Tri-District,1,"c(-76.6382125364038, 39.2869498304814)"
5004M00000gBs0uQAC,20-00818969,HCD-Illegal Dumping,API,2020-12-04T19:46:57Z,New,2020-12-04T19:46:57Z,2020-12-09T19:46:57Z,Housing,Service Response,"45 S CAREY ST, Baltimore City, 21223",21223,HOLLINS MARKET,9,Southern,39.286897044670866,-76.63788177603986,NA,NA,NA,NA,2020-12-05,15:33:00,9S,0 S CAREY ST,SHOOTING,Outside,FIREARM,711,WESTERN,FRANKLIN SQUARE,STREET,Tri-District,1,"c(-76.6378817760399, 39.2868970446709)"
5004M00000ef8o3QAA,20-00502123,SW-HGW,API,2020-08-03T15:13:10Z,Open,2020-08-03T15:13:10Z,2020-09-15T15:13:10Z,Solid Waste,Service Response,"2903 PRESSTMAN ST, Baltimore City, 21216",21216,NORTHWEST COMMUNITY ACTION,9,Southwestern,39.30441789476472,-76.66607568914506,NA,NA,NA,NA,2020-12-05,NA,9S,1500 N LONGWOOD ST,SHOOTING,Outside,FIREARM,813,SOUTHWEST,ROSEMONT,STREET,NA,1,"c(-76.6660756891451, 39.3044178947647)"
5004M00000efFwvQAE,20-00505324,SW-HGW,API,2020-08-04T15:08:19Z,Open,2020-08-04T15:08:18Z,2020-09-16T15:08:18Z,Solid Waste,Service Response,"2906 BELMONT AVE, Baltimore City, 21216",21216,NORTHWEST COMMUNITY ACTION,9,Southwestern,39.30367281006808,-76.66613630743961,NA,NA,NA,NA,2020-12-05,NA,9S,1500 N LONGWOOD ST,SHOOTING,Outside,FIREARM,813,SOUTHWEST,ROSEMONT,STREET,NA,1,"c(-76.6661363074396, 39.3036728100681)"
5004M00000efG5OQAU,20-00505392,SW-HGW,API,2020-08-04T15:23:35Z,Open,2020-08-04T15:23:35Z,2020-09-16T15:23:35Z,Solid Waste,Service Response,"2904 BELMONT AVE, Baltimore City, 21216",21216,NORTHWEST COMMUNITY ACTION,9,Southwestern,39.303674305385556,-76.66608197941046,NA,NA,NA,NA,2020-12-05,NA,9S,1500 N LONGWOOD ST,SHOOTING,Outside,FIREARM,813,SOUTHWEST,ROSEMONT,STREET,NA,1,"c(-76.6660819794105, 39.3036743053856)"
5004M00000eoNpRQAU,20-00553957,SW-HGW,API,2020-08-18T18:13:28Z,Open,2020-08-18T18:13:27Z,2020-09-30T18:13:27Z,Solid Waste,Service Response,"1401 BLOOMINGDALE RD, Baltimore City, 21216",21216,NORTHWEST COMMUNITY ACTION,9,Southwestern,39.303955436107145,-76.66618757034381,NA,NA,NA,NA,2020-12-05,NA,9S,1500 N LONGWOOD ST,SHOOTING,Outside,FIREARM,813,SOUTHWEST,ROSEMONT,STREET,NA,1,"c(-76.6661875703438, 39.3039554361071)"
5004M00000eoOUKQA2,20-00554393,SW-HGW,API,2020-08-18T19:33:12Z,Open,2020-08-18T19:33:12Z,2020-09-30T19:33:12Z,Solid Waste,Service Response,"1409 N LONGWOOD ST, Baltimore City, 21216",21216,ROSEMONT,9,Southwestern,39.30375312406647,-76.66699409272485,NA,NA,NA,NA,2020-12-05,NA,9S,1500 N LONGWOOD ST,SHOOTING,Outside,FIREARM,813,SOUTHWEST,ROSEMONT,STREET,NA,1,"c(-76.6669940927248, 39.3037531240665)"
5004M00000eoay3QAA,20-00560891,SW-HGW,API,2020-08-20T13:18:43Z,Open,2020-08-20T13:18:43Z,2020-10-02T13:18:43Z,Solid Waste,Service Response,"1415 N LONGWOOD ST, Baltimore City, 21216",21216,ROSEMONT,9,Southwestern,39.30389571445131,-76.66700101477568,NA,NA,NA,NA,2020-12-05,NA,9S,1500 N LONGWOOD ST,SHOOTING,Outside,FIREARM,813,SOUTHWEST,ROSEMONT,STREET,NA,1,"c(-76.6670010147757, 39.3038957144513)"
5004M00000eob3mQAA,20-00560945,SW-HGW,API,2020-08-20T13:28:21Z,Open,2020-08-20T13:28:21Z,2020-10-02T13:28:21Z,Solid Waste,Service Response,"1417 N LONGWOOD ST, Baltimore City, 21216",21216,ROSEMONT,9,Southwestern,39.30394124162665,-76.66700392816176,NA,NA,NA,NA,2020-12-05,NA,9S,1500 N LONGWOOD ST,SHOOTING,Outside,FIREARM,813,SOUTHWEST,ROSEMONT,STREET,NA,1,"c(-76.6670039281618, 39.3039412416267)"
5004M00000eolalQAA,20-00567029,SW-HGW,API,2020-08-21T19:13:51Z,Open,2020-08-21T19:13:51Z,2020-10-05T19:13:51Z,Solid Waste,Service Response,"1416 POPLAR GROVE ST, Baltimore City, 21216",21216,NORTHWEST COMMUNITY ACTION,9,Southwestern,39.304080700673225,-76.66573629070179,NA,NA,NA,NA,2020-12-05,NA,9S,1500 N LONGWOOD ST,SHOOTING,Outside,FIREARM,813,SOUTHWEST,ROSEMONT,STREET,NA,1,"c(-76.6657362907018, 39.3040807006732)"
5004M00000eolmhQAA,20-00567178,SW-HGW,API,2020-08-21T19:43:54Z,Open,2020-08-21T19:43:54Z,2020-10-05T19:43:54Z,Solid Waste,Service Response,"1420 POPLAR GROVE ST, Baltimore City, 21216",21216,NORTHWEST COMMUNITY ACTION,9,Southwestern,39.30419305640077,-76.66574785872058,NA,NA,NA,NA,2020-12-05,NA,9S,1500 N LONGWOOD ST,SHOOTING,Outside,FIREARM,813,SOUTHWEST,ROSEMONT,STREET,NA,1,"c(-76.6657478587206, 39.3041930564008)"
5004M00000epBfDQAU,20-00581390,SW-HGW,API,2020-08-26T17:28:10Z,Open,2020-08-26T17:28:10Z,2020-10-08T17:28:10Z,Solid Waste,Service Response,"3036 PRESSTMAN ST, Baltimore City, 21216",21216,ROSEMONT,9,Southwestern,39.304673599571395,-76.6688228577249,NA,NA,NA,NA,2020-12-05,NA,9S,1500 N LONGWOOD ST,SHOOTING,Outside,FIREARM,813,SOUTHWEST,ROSEMONT,STREET,NA,1,"c(-76.6688228577249, 39.3046735995714)"
5004M00000epBJ1QAM,20-00581020,SW-HGW,API,2020-08-26T16:18:19Z,Open,2020-08-26T16:18:19Z,2020-10-08T16:18:19Z,Solid Waste,Service Response,"2933 PRESSTMAN ST, Baltimore City, 21216",21216,ROSEMONT,9,Southwestern,39.30431648354721,-76.66703484978225,NA,NA,NA,NA,2020-12-05,NA,9S,1500 N LONGWOOD ST,SHOOTING,Outside,FIREARM,813,SOUTHWEST,ROSEMONT,STREET,NA,1,"c(-76.6670348497823, 39.3043164835472)"
5004M00000epBLqQAM,20-00581054,SW-HGW,API,2020-08-26T16:23:21Z,Open,2020-08-26T16:23:21Z,2020-10-08T16:23:21Z,Solid Waste,Service Response,"3001 PRESSTMAN ST, Baltimore City, 21216",21216,ROSEMONT,9,Southwestern,39.30430933250864,-76.66748053439873,NA,NA,NA,NA,2020-12-05,NA,9S,1500 N LONGWOOD ST,SHOOTING,Outside,FIREARM,813,SOUTHWEST,ROSEMONT,STREET,NA,1,"c(-76.6674805343987, 39.3043093325086)"
5004M00000epBNmQAM,20-00581085,SW-HGW,API,2020-08-26T16:28:13Z,Open,2020-08-26T16:28:12Z,2020-10-08T16:28:12Z,Solid Waste,Service Response,"3011 PRESSTMAN ST, Baltimore City, 21216",21216,ROSEMONT,9,Southwestern,39.30430520797057,-76.6678503137204,NA,NA,NA,NA,2020-12-05,NA,9S,1500 N LONGWOOD ST,SHOOTING,Outside,FIREARM,813,SOUTHWEST,ROSEMONT,STREET,NA,1,"c(-76.6678503137204, 39.3043052079706)"
5004M00000epHHCQA2,20-00584310,SW-HGW,API,2020-08-27T12:58:09Z,Open,2020-08-27T12:58:09Z,2020-10-09T12:58:09Z,Solid Waste,Service Response,"2902 PRESSTMAN ST, Baltimore City, 21216",21216,NORTHWEST COMMUNITY ACTION,9,Southwestern,39.30475859540329,-76.66571628324355,NA,NA,NA,NA,2020-12-05,NA,9S,1500 N LONGWOOD ST,SHOOTING,Outside,FIREARM,813,SOUTHWEST,ROSEMONT,STREET,NA,1,"c(-76.6657162832436, 39.3047585954033)"
5004M00000epHHhQAM,20-00584662,SW-HGW,API,2020-08-27T13:48:38Z,Open,2020-08-27T13:48:38Z,2020-10-09T13:48:38Z,Solid Waste,Service Response,"2909 PRESSTMAN ST, Baltimore City, 21216",21216,NORTHWEST COMMUNITY ACTION,9,Southwestern,39.304407259250176,-76.66629405791586,NA,NA,NA,NA,2020-12-05,NA,9S,1500 N LONGWOOD ST,SHOOTING,Outside,FIREARM,813,SOUTHWEST,ROSEMONT,STREET,NA,1,"c(-76.6662940579159, 39.3044072592502)"
5004M00000epHi8QAE,20-00584599,SW-HGW,API,2020-08-27T13:38:19Z,Open,2020-08-27T13:38:19Z,2020-10-09T13:38:19Z,Solid Waste,Service Response,"2913 PRESSTMAN ST, Baltimore City, 21216",21216,NORTHWEST COMMUNITY ACTION,9,Southwestern,39.30442920344802,-76.66644715414749,NA,NA,NA,NA,2020-12-05,NA,9S,1500 N LONGWOOD ST,SHOOTING,Outside,FIREARM,813,SOUTHWEST,ROSEMONT,STREET,NA,1,"c(-76.6664471541475, 39.304429203448)"
5004M00000epHM3QAM,20-00584406,SW-HGW,API,2020-08-27T13:09:19Z,Open,2020-08-27T13:09:19Z,2020-10-09T13:09:19Z,Solid Waste,Service Response,"2904 PRESSTMAN ST, Baltimore City, 21216",21216,NORTHWEST COMMUNITY ACTION,9,Southwestern,39.30475899268321,-76.66576504935381,NA,NA,NA,NA,2020-12-05,NA,9S,1500 N LONGWOOD ST,SHOOTING,Outside,FIREARM,813,SOUTHWEST,ROSEMONT,STREET,NA,1,"c(-76.6657650493538, 39.3047589926832)"
5004M00000epKLMQA2,20-00586108,SW-HGW,API,2020-08-27T18:33:18Z,Open,2020-08-27T18:33:18Z,2020-10-09T18:33:18Z,Solid Waste,Service Response,"1409 BLOOMINGDALE RD, Baltimore City, 21216",21216,NORTHWEST COMMUNITY ACTION,9,Southwestern,39.30411618825391,-76.66619429375469,NA,NA,NA,NA,2020-12-05,NA,9S,1500 N LONGWOOD ST,SHOOTING,Outside,FIREARM,813,SOUTHWEST,ROSEMONT,STREET,NA,1,"c(-76.6661942937547, 39.3041161882539)"
5004M00000epKSrQAM,20-00586201,SW-HGW,API,2020-08-27T18:43:13Z,Open,2020-08-27T18:43:13Z,2020-10-09T18:43:13Z,Solid Waste,Service Response,"1405 BLOOMINGDALE RD, Baltimore City, 21216",21216,NORTHWEST COMMUNITY ACTION,9,Southwestern,39.30403152900638,-76.66618500181877,NA,NA,NA,NA,2020-12-05,NA,9S,1500 N LONGWOOD ST,SHOOTING,Outside,FIREARM,813,SOUTHWEST,ROSEMONT,STREET,NA,1,"c(-76.6661850018188, 39.3040315290064)"
5004M00000epKTRQA2,20-00586212,SW-HGW,API,2020-08-27T18:44:10Z,Open,2020-08-27T18:44:10Z,2020-10-09T18:44:10Z,Solid Waste,Service Response,"1407 BLOOMINGDALE RD, Baltimore City, 21216",21216,NORTHWEST COMMUNITY ACTION,9,Southwestern,39.30406285342457,-76.66618183461496,NA,NA,NA,NA,2020-12-05,NA,9S,1500 N LONGWOOD ST,SHOOTING,Outside,FIREARM,813,SOUTHWEST,ROSEMONT,STREET,NA,1,"c(-76.666181834615, 39.3040628534246)"
5004M00000epqFmQAI,20-00602205,SW-HGW,API,2020-09-02T15:38:11Z,Open,2020-09-02T15:38:10Z,2020-10-16T15:38:10Z,Solid Waste,Service Response,"2926 PRESSTMAN ST, Baltimore City, 21216",21216,NORTHWEST COMMUNITY ACTION,9,Southwestern,39.30474788263988,-76.66645957466278,NA,NA,NA,NA,2020-12-05,NA,9S,1500 N LONGWOOD ST,SHOOTING,Outside,FIREARM,813,SOUTHWEST,ROSEMONT,STREET,NA,1,"c(-76.6664595746628, 39.3047478826399)"
5004M00000epyPbQAI,20-00605948,SW-HGW,API,2020-09-03T16:53:10Z,Open,2020-09-03T16:53:10Z,2020-10-19T16:53:10Z,Solid Waste,Service Response,"3019 PRESSTMAN ST, Baltimore City, 21216",21216,ROSEMONT,9,Southwestern,39.304298572844125,-76.66810076284477,NA,NA,NA,NA,2020-12-05,NA,9S,1500 N LONGWOOD ST,SHOOTING,Outside,FIREARM,813,SOUTHWEST,ROSEMONT,STREET,NA,1,"c(-76.6681007628448, 39.3042985728441)"
5004M00000fXPFrQAO,20-00647721,SW-HGW,API,2020-09-21T15:48:19Z,Open,2020-09-21T15:48:19Z,2020-11-04T15:48:19Z,Solid Waste,Service Response,"2943 BELMONT AVE, Baltimore City, 21216",21216,ROSEMONT,9,Southwestern,39.30323402543133,-76.66704473487917,NA,NA,NA,NA,2020-12-05,NA,9S,1500 N LONGWOOD ST,SHOOTING,Outside,FIREARM,813,SOUTHWEST,ROSEMONT,STREET,NA,1,"c(-76.6670447348792, 39.3032340254313)"
5004M00000fYGfRQAW,20-00671350,SW-HGW,API,2020-09-30T14:34:33Z,Open,2020-09-30T14:34:33Z,2020-11-16T14:34:33Z,Solid Waste,Service Response,"3012 BRIGHTON ST, Baltimore City, 21216",21216,ROSEMONT,9,Southwestern,39.30536003857865,-76.6677803345177,NA,NA,NA,NA,2020-12-05,NA,9S,1500 N LONGWOOD ST,SHOOTING,Outside,FIREARM,813,SOUTHWEST,ROSEMONT,STREET,NA,1,"c(-76.6677803345177, 39.3053600385786)"
5004M00000fYGioQAG,20-00671349,SW-HGW,API,2020-09-30T14:34:22Z,Open,2020-09-30T14:34:22Z,2020-11-16T14:34:22Z,Solid Waste,Service Response,"3033 BRIGHTON ST, Baltimore City, 21216",21216,ROSEMONT,9,Southwestern,39.305012026885976,-76.66824844613748,NA,NA,NA,NA,2020-12-05,NA,9S,1500 N LONGWOOD ST,SHOOTING,Outside,FIREARM,813,SOUTHWEST,ROSEMONT,STREET,NA,1,"c(-76.6682484461375, 39.305012026886)"
5004M00000fYGd0QAG,20-00671310,SW-HGW,API,2020-09-30T14:23:59Z,Open,2020-09-30T14:23:59Z,2020-11-16T14:23:59Z,Solid Waste,Service Response,"3040 BRIGHTON ST, Baltimore City, 21216",21216,ROSEMONT,9,Southwestern,39.305339694536045,-76.66850156586578,NA,NA,NA,NA,2020-12-05,NA,9S,1500 N LONGWOOD ST,SHOOTING,Outside,FIREARM,813,SOUTHWEST,ROSEMONT,STREET,NA,1,"c(-76.6685015658658, 39.305339694536)"
5004M00000fYoyHQAS,20-00685661,SW-HGW,API,2020-10-06T18:43:20Z,Open,2020-10-06T18:43:20Z,2020-11-20T18:43:20Z,Solid Waste,Service Response,"3000 BELMONT AVE, Baltimore City, 21216",21216,ROSEMONT,9,Southwestern,39.30367499786653,-76.66737543178863,NA,NA,NA,NA,2020-12-05,NA,9S,1500 N LONGWOOD ST,SHOOTING,Outside,FIREARM,813,SOUTHWEST,ROSEMONT,STREET,NA,1,"c(-76.6673754317886, 39.3036749978665)"
5004M00000fYp3hQAC,20-00685730,SW-HGW,API,2020-10-06T19:03:11Z,Open,2020-10-06T19:03:11Z,2020-11-20T19:03:11Z,Solid Waste,Service Response,"3004 BELMONT AVE, Baltimore City, 21216",21216,ROSEMONT,9,Southwestern,39.303667421959155,-76.66751041867721,NA,NA,NA,NA,2020-12-05,NA,9S,1500 N LONGWOOD ST,SHOOTING,Outside,FIREARM,813,SOUTHWEST,ROSEMONT,STREET,NA,1,"c(-76.6675104186772, 39.3036674219592)"
5004M00000fYpJoQAK,20-00685876,SW-HGW,API,2020-10-06T19:33:11Z,Open,2020-10-06T19:33:11Z,2020-11-20T19:33:11Z,Solid Waste,Service Response,"3008 BELMONT AVE, Baltimore City, 21216",21216,ROSEMONT,9,Southwestern,39.303660902706014,-76.66764916041281,NA,NA,NA,NA,2020-12-05,NA,9S,1500 N LONGWOOD ST,SHOOTING,Outside,FIREARM,813,SOUTHWEST,ROSEMONT,STREET,NA,1,"c(-76.6676491604128, 39.303660902706)"
5004M00000fYpTPQA0,20-00685971,SW-HGW,API,2020-10-06T19:53:45Z,Open,2020-10-06T19:53:44Z,2020-11-20T19:53:44Z,Solid Waste,Service Response,"3020 BELMONT AVE, Baltimore City, 21216",21216,ROSEMONT,9,Southwestern,39.30364844080739,-76.66804791633867,NA,NA,NA,NA,2020-12-05,NA,9S,1500 N LONGWOOD ST,SHOOTING,Outside,FIREARM,813,SOUTHWEST,ROSEMONT,STREET,NA,1,"c(-76.6680479163387, 39.3036484408074)"
5004M00000fYpWxQAK,20-00686014,SW-HGW,API,2020-10-06T20:03:42Z,Open,2020-10-06T20:03:42Z,2020-11-20T20:03:42Z,Solid Waste,Service Response,"3022 BELMONT AVE, Baltimore City, 21216",21216,ROSEMONT,9,Southwestern,39.30364615368896,-76.66810689585355,NA,NA,NA,NA,2020-12-05,NA,9S,1500 N LONGWOOD ST,SHOOTING,Outside,FIREARM,813,SOUTHWEST,ROSEMONT,STREET,NA,1,"c(-76.6681068958536, 39.303646153689)"
5004M00000fZjtkQAC,20-00708682,SW-HGW,API,2020-10-16T14:43:10Z,Open,2020-10-16T14:43:10Z,2020-12-02T14:43:10Z,Solid Waste,Service Response,"2900 BRIGHTON ST, Baltimore City, 21216",21216,NORTHWEST COMMUNITY ACTION,9,Southwestern,39.30542973637472,-76.66606327966532,NA,NA,NA,NA,2020-12-05,NA,9S,1500 N LONGWOOD ST,SHOOTING,Outside,FIREARM,813,SOUTHWEST,ROSEMONT,STREET,NA,1,"c(-76.6660632796653, 39.3054297363747)"
5004M00000fZd4lQAC,20-00706083,SW-HGW,API,2020-10-15T15:03:22Z,Open,2020-10-15T15:03:22Z,2020-12-01T15:03:22Z,Solid Waste,Service Response,"2948 PRESSTMAN ST, Baltimore City, 21216",21216,ROSEMONT,9,Southwestern,39.30471055763956,-76.66694740681639,NA,NA,NA,NA,2020-12-05,NA,9S,1500 N LONGWOOD ST,SHOOTING,Outside,FIREARM,813,SOUTHWEST,ROSEMONT,STREET,NA,1,"c(-76.6669474068164, 39.3047105576396)"
5004M00000fZQO3QAO,20-00701010,SW-HGW,API,2020-10-13T19:03:39Z,Open,2020-10-13T19:03:38Z,2020-11-27T19:03:38Z,Solid Waste,Service Response,"3004 BRIGHTON ST, Baltimore City, 21216",21216,ROSEMONT,9,Southwestern,39.305373372285985,-76.66756560472062,NA,NA,NA,NA,2020-12-05,NA,9S,1500 N LONGWOOD ST,SHOOTING,Outside,FIREARM,813,SOUTHWEST,ROSEMONT,STREET,NA,1,"c(-76.6675656047206, 39.305373372286)"
5004M00000gApMcQAK,20-00795408,TRS-48 Hour Parking/Abandoned Vehicle,API,2020-11-24T15:22:03Z,Open,2020-11-24T15:25:08Z,2020-12-01T15:22:03Z,Transportation,Service Response,"3016 BRIGHTON ST, BC",21216,ROSEMONT,9,Southwestern,39.30522412438058,-76.66767517023663,NA,NA,NA,NA,2020-12-05,NA,9S,1500 N LONGWOOD ST,SHOOTING,Outside,FIREARM,813,SOUTHWEST,ROSEMONT,STREET,NA,1,"c(-76.6676751702366, 39.3052241243806)"
5004M00000gBqhzQAC,20-00818203,SW-Dirty Alley,Phone,2020-12-04T17:15:52Z,New,2020-12-04T17:15:51Z,2020-12-15T17:15:51Z,Solid Waste,Service Response,"3000 BELMONT AVE, Baltimore City, 21216",21216,ROSEMONT,9,Southwestern,39.30367499786653,-76.66737543178863,NA,NA,NA,NA,2020-12-05,NA,9S,1500 N LONGWOOD ST,SHOOTING,Outside,FIREARM,813,SOUTHWEST,ROSEMONT,STREET,NA,1,"c(-76.6673754317886, 39.3036749978665)"
5004M00000eobi1QAA,20-00561356,SW-HGW,API,2020-08-20T14:33:10Z,Open,2020-08-20T14:33:10Z,2020-10-02T14:33:10Z,Solid Waste,Service Response,"3514 PARK HEIGHTS AVE, Baltimore City, 21215",21215,PARK CIRCLE,6,Northwestern,39.32861743139823,-76.65873320303585,NA,NA,NA,NA,2020-12-04,13:47:11,1A,3500 PARK HEIGHTS AV,HOMICIDE,Outside,FIREARM,612,NORTHWEST,PARK CIRCLE,STREET,NA,1,"c(-76.6587332030359, 39.3286174313982)"
5004M00000fWQW9QAO,20-00620540,SW-HGW,API,2020-09-09T20:43:13Z,Open,2020-09-09T20:43:13Z,2020-10-22T20:43:13Z,Solid Waste,Service Response,"3459 COTTAGE AVE, Baltimore City, 21215",21215,PARK CIRCLE,6,Northwestern,39.327964096292135,-76.65708235046802,NA,NA,NA,NA,2020-12-04,13:47:11,1A,3500 PARK HEIGHTS AV,HOMICIDE,Outside,FIREARM,612,NORTHWEST,PARK CIRCLE,STREET,NA,1,"c(-76.657082350468, 39.3279640962921)"
5004M00000fX8JXQA0,20-00639580,SW-Cleaning,API,2020-09-17T15:58:10Z,Open,2020-09-17T15:58:10Z,2020-10-30T15:58:10Z,Solid Waste,Service Response,"3506 COTWOOD PL, Baltimore City, 21215",21215,PARK CIRCLE,6,Northwestern,39.32901745917161,-76.65738055870841,NA,NA,NA,NA,2020-12-04,13:47:11,1A,3500 PARK HEIGHTS AV,HOMICIDE,Outside,FIREARM,612,NORTHWEST,PARK CIRCLE,STREET,NA,1,"c(-76.6573805587084, 39.3290174591716)"
5004M00000fY3WUQA0,20-00666312,SW-HGW,API,2020-09-28T18:23:20Z,Open,2020-09-28T18:23:20Z,2020-11-12T18:23:20Z,Solid Waste,Service Response,"3524 COTTAGE AVE, Baltimore City, 21215",21215,PARK CIRCLE,6,Northwestern,39.329090175191524,-76.65808461045881,NA,NA,NA,NA,2020-12-04,13:47:11,1A,3500 PARK HEIGHTS AV,HOMICIDE,Outside,FIREARM,612,NORTHWEST,PARK CIRCLE,STREET,NA,1,"c(-76.6580846104588, 39.3290901751915)"
5004M00000fY3Y7QAK,20-00666349,SW-HGW,API,2020-09-28T18:33:22Z,Open,2020-09-28T18:33:22Z,2020-11-12T18:33:22Z,Solid Waste,Service Response,"3522 COTTAGE AVE, Baltimore City, 21215",21215,PARK CIRCLE,6,Northwestern,39.32904568535819,-76.6580480910539,NA,NA,NA,NA,2020-12-04,13:47:11,1A,3500 PARK HEIGHTS AV,HOMICIDE,Outside,FIREARM,612,NORTHWEST,PARK CIRCLE,STREET,NA,1,"c(-76.6580480910539, 39.3290456853582)"
5004M00000fY9Y1QAK,20-00668666,SW-HGW,API,2020-09-29T16:08:41Z,Open,2020-09-29T16:08:41Z,2020-11-13T16:08:41Z,Solid Waste,Service Response,"3453 COTTAGE AVE, Baltimore City, 21215",21215,PARK CIRCLE,6,Northwestern,39.32778821440173,-76.65710678042424,NA,NA,NA,NA,2020-12-04,13:47:11,1A,3500 PARK HEIGHTS AV,HOMICIDE,Outside,FIREARM,612,NORTHWEST,PARK CIRCLE,STREET,NA,1,"c(-76.6571067804242, 39.3277882144017)"
5004M00000fY8wbQAC,20-00668352,SW-HGW,API,2020-09-29T15:08:55Z,Open,2020-09-29T15:08:55Z,2020-11-13T15:08:54Z,Solid Waste,Service Response,"3521 REISTERSTOWN RD, Baltimore City, 21215",21215,PARK CIRCLE,6,Northwestern,39.32838995001924,-76.65953003344215,NA,NA,NA,NA,2020-12-04,13:47:11,1A,3500 PARK HEIGHTS AV,HOMICIDE,Outside,FIREARM,612,NORTHWEST,PARK CIRCLE,STREET,NA,1,"c(-76.6595300334422, 39.3283899500192)"
5004M00000fYAvsQAG,20-00669454,SW-HGW,API,2020-09-29T18:28:11Z,Open,2020-09-29T18:28:11Z,2020-11-13T18:28:11Z,Solid Waste,Service Response,"3413 REISTERSTOWN RD, Baltimore City, 21215",21215,PARK CIRCLE,6,Northwestern,39.32708505929004,-76.65856722555458,NA,NA,NA,NA,2020-12-04,13:47:11,1A,3500 PARK HEIGHTS AV,HOMICIDE,Outside,FIREARM,612,NORTHWEST,PARK CIRCLE,STREET,NA,1,"c(-76.6585672255546, 39.32708505929)"
5004M00000fYB1RQAW,20-00669507,SW-HGW,API,2020-09-29T18:38:24Z,Open,2020-09-29T18:38:24Z,2020-11-13T18:38:23Z,Solid Waste,Service Response,"3427 REISTERSTOWN RD, Baltimore City, 21215",21215,PARK CIRCLE,6,Northwestern,39.3273837503359,-76.65874408960923,NA,NA,NA,NA,2020-12-04,13:47:11,1A,3500 PARK HEIGHTS AV,HOMICIDE,Outside,FIREARM,612,NORTHWEST,PARK CIRCLE,STREET,NA,1,"c(-76.6587440896092, 39.3273837503359)"
5004M00000fYei8QAC,20-00681408,SW-HGW,API,2020-10-05T14:34:03Z,Open,2020-10-05T14:34:03Z,2020-11-19T14:34:03Z,Solid Waste,Service Response,"3526 PARK HEIGHTS AVE, Baltimore City, 21215",21215,PARK CIRCLE,6,Northwestern,39.328943507169726,-76.65897858132348,NA,NA,NA,NA,2020-12-04,13:47:11,1A,3500 PARK HEIGHTS AV,HOMICIDE,Outside,FIREARM,612,NORTHWEST,PARK CIRCLE,STREET,NA,1,"c(-76.6589785813235, 39.3289435071697)"
5004M00000fYf77QAC,20-00681557,SW-HGW,API,2020-10-05T15:03:18Z,Open,2020-10-05T15:03:17Z,2020-11-19T15:03:17Z,Solid Waste,Service Response,"3524 PARK HEIGHTS AVE, Baltimore City, 21215",21215,PARK CIRCLE,6,Northwestern,39.32891813919146,-76.65894628853549,NA,NA,NA,NA,2020-12-04,13:47:11,1A,3500 PARK HEIGHTS AV,HOMICIDE,Outside,FIREARM,612,NORTHWEST,PARK CIRCLE,STREET,NA,1,"c(-76.6589462885355, 39.3289181391915)"
5004M00000fYf7vQAC,20-00681568,SW-HGW,API,2020-10-05T15:04:27Z,Open,2020-10-05T15:04:27Z,2020-11-19T15:04:27Z,Solid Waste,Service Response,"3518 PARK HEIGHTS AVE, Baltimore City, 21215",21215,PARK CIRCLE,6,Northwestern,39.32872423072466,-76.65881656284698,NA,NA,NA,NA,2020-12-04,13:47:11,1A,3500 PARK HEIGHTS AV,HOMICIDE,Outside,FIREARM,612,NORTHWEST,PARK CIRCLE,STREET,NA,1,"c(-76.658816562847, 39.3287242307247)"
5004M00000fYf8PQAS,20-00681575,SW-HGW,API,2020-10-05T15:05:04Z,Open,2020-10-05T15:05:04Z,2020-11-19T15:05:04Z,Solid Waste,Service Response,"3520 PARK HEIGHTS AVE, Baltimore City, 21215",21215,PARK CIRCLE,6,Northwestern,39.32880478198745,-76.65885935596398,NA,NA,NA,NA,2020-12-04,13:47:11,1A,3500 PARK HEIGHTS AV,HOMICIDE,Outside,FIREARM,612,NORTHWEST,PARK CIRCLE,STREET,NA,1,"c(-76.658859355964, 39.3288047819875)"
5004M00000fYf8ZQAS,20-00681576,SW-Cleaning,API,2020-10-05T15:05:15Z,Open,2020-10-05T15:05:15Z,2020-11-19T15:05:14Z,Solid Waste,Service Response,"3528 PARK HEIGHTS AVE, Baltimore City, 21215",21215,PARK CIRCLE,6,Northwestern,39.32901660391622,-76.65905288922197,NA,NA,NA,NA,2020-12-04,13:47:11,1A,3500 PARK HEIGHTS AV,HOMICIDE,Outside,FIREARM,612,NORTHWEST,PARK CIRCLE,STREET,NA,1,"c(-76.659052889222, 39.3290166039162)"
5004M00000fYfSpQAK,20-00681772,SW-HGW,API,2020-10-05T15:43:10Z,Open,2020-10-05T15:43:10Z,2020-11-19T15:43:10Z,Solid Waste,Service Response,"3469 COTTAGE AVE, Baltimore City, 21215",21215,PARK CIRCLE,6,Northwestern,39.32826684842163,-76.65701132288777,NA,NA,NA,NA,2020-12-04,13:47:11,1A,3500 PARK HEIGHTS AV,HOMICIDE,Outside,FIREARM,612,NORTHWEST,PARK CIRCLE,STREET,NA,1,"c(-76.6570113228878, 39.3282668484216)"
5004M00000fZNaBQAW,20-00699597,SW-HGW,API,2020-10-13T13:48:34Z,Open,2020-10-13T13:48:34Z,2020-11-27T13:48:34Z,Solid Waste,Service Response,"3504 PARK HEIGHTS AVE, Baltimore City, 21215",21215,PARK CIRCLE,6,Northwestern,39.328362827388,-76.65854574209109,NA,NA,NA,NA,2020-12-04,13:47:11,1A,3500 PARK HEIGHTS AV,HOMICIDE,Outside,FIREARM,612,NORTHWEST,PARK CIRCLE,STREET,NA,1,"c(-76.6585457420911, 39.328362827388)"
5004M00000fZNlsQAG,20-00699692,SW-HGW,API,2020-10-13T14:08:57Z,Open,2020-10-13T14:08:57Z,2020-11-27T14:08:57Z,Solid Waste,Service Response,"3448 PARK HEIGHTS AVE, Baltimore City, 21215",21215,PARK CIRCLE,6,Northwestern,39.32762957832232,-76.65800272665295,NA,NA,NA,NA,2020-12-04,13:47:11,1A,3500 PARK HEIGHTS AV,HOMICIDE,Outside,FIREARM,612,NORTHWEST,PARK CIRCLE,STREET,NA,1,"c(-76.658002726653, 39.3276295783223)"
5004M00000fZNP3QAO,20-00699517,SW-HGW,API,2020-10-13T13:28:54Z,Open,2020-10-13T13:28:54Z,2020-11-27T13:28:54Z,Solid Waste,Service Response,"3508 PARK HEIGHTS AVE, Baltimore City, 21215",21215,PARK CIRCLE,6,Northwestern,39.32847475548785,-76.65861282721991,NA,NA,NA,NA,2020-12-04,13:47:11,1A,3500 PARK HEIGHTS AV,HOMICIDE,Outside,FIREARM,612,NORTHWEST,PARK CIRCLE,STREET,NA,1,"c(-76.6586128272199, 39.3284747554879)"
5004M00000fZNUcQAO,20-00699557,SW-HGW,API,2020-10-13T13:38:40Z,Open,2020-10-13T13:38:40Z,2020-11-27T13:38:40Z,Solid Waste,Service Response,"3506 PARK HEIGHTS AVE, Baltimore City, 21215",21215,PARK CIRCLE,6,Northwestern,39.32839444976612,-76.65857387171658,NA,NA,NA,NA,2020-12-04,13:47:11,1A,3500 PARK HEIGHTS AV,HOMICIDE,Outside,FIREARM,612,NORTHWEST,PARK CIRCLE,STREET,NA,1,"c(-76.6585738717166, 39.3283944497661)"
5004M00000fZNZrQAO,20-00699595,SW-HGW,API,2020-10-13T13:48:21Z,Open,2020-10-13T13:48:21Z,2020-11-27T13:48:21Z,Solid Waste,Service Response,"3502 PARK HEIGHTS AVE, Baltimore City, 21215",21215,PARK CIRCLE,6,Northwestern,39.32828565576342,-76.65847741270365,NA,NA,NA,NA,2020-12-04,13:47:11,1A,3500 PARK HEIGHTS AV,HOMICIDE,Outside,FIREARM,612,NORTHWEST,PARK CIRCLE,STREET,NA,1,"c(-76.6584774127036, 39.3282856557634)"
5004M00000fZUdvQAG,20-00702409,SW-HGW,API,2020-10-14T13:33:15Z,Open,2020-10-14T13:33:15Z,2020-11-30T13:33:15Z,Solid Waste,Service Response,"3421 REISTERSTOWN RD, Baltimore City, 21215",21215,PARK CIRCLE,6,Northwestern,39.327278992586834,-76.65866687936023,NA,NA,NA,NA,2020-12-04,13:47:11,1A,3500 PARK HEIGHTS AV,HOMICIDE,Outside,FIREARM,612,NORTHWEST,PARK CIRCLE,STREET,NA,1,"c(-76.6586668793602, 39.3272789925868)"
5004M00000fZQ6jQAG,20-00700874,SW-HGW,API,2020-10-13T18:43:12Z,Open,2020-10-13T18:43:11Z,2020-11-27T18:43:11Z,Solid Waste,Service Response,"3445 COTTAGE AVE, Baltimore City, 21215",21215,PARK CIRCLE,6,Northwestern,39.32755836037878,-76.65715558515893,NA,NA,NA,NA,2020-12-04,13:47:11,1A,3500 PARK HEIGHTS AV,HOMICIDE,Outside,FIREARM,612,NORTHWEST,PARK CIRCLE,STREET,NA,1,"c(-76.6571555851589, 39.3275583603788)"
5004M00000fZlrrQAC,20-00709814,SW-HGW,API,2020-10-16T19:43:12Z,Open,2020-10-16T19:43:12Z,2020-12-02T19:43:12Z,Solid Waste,Service Response,"3515 REISTERSTOWN RD, Baltimore City, 21215",21215,PARK CIRCLE,6,Northwestern,39.3282272059551,-76.6594288015524,NA,NA,NA,NA,2020-12-04,13:47:11,1A,3500 PARK HEIGHTS AV,HOMICIDE,Outside,FIREARM,612,NORTHWEST,PARK CIRCLE,STREET,NA,1,"c(-76.6594288015524, 39.3282272059551)"
5004M00000fZlzQQAS,20-00709815,SW-HGW,API,2020-10-16T19:43:22Z,Open,2020-10-16T19:43:22Z,2020-12-02T19:43:22Z,Solid Waste,Service Response,"3513 REISTERSTOWN RD, Baltimore City, 21215",21215,PARK CIRCLE,6,Northwestern,39.32817708247179,-76.65938815485052,NA,NA,NA,NA,2020-12-04,13:47:11,1A,3500 PARK HEIGHTS AV,HOMICIDE,Outside,FIREARM,612,NORTHWEST,PARK CIRCLE,STREET,NA,1,"c(-76.6593881548505, 39.3281770824718)"
5004M00000fa0MFQAY,20-00716243,SW-HGW,API,2020-10-20T13:03:33Z,Open,2020-10-20T13:03:33Z,2020-12-04T13:03:32Z,Solid Waste,Service Response,"3502 REISTERSTOWN RD, Baltimore City, 21215",21215,PARK CIRCLE,6,Northwestern,39.3276878736329,-76.65972450748107,NA,NA,NA,NA,2020-12-04,13:47:11,1A,3500 PARK HEIGHTS AV,HOMICIDE,Outside,FIREARM,612,NORTHWEST,PARK CIRCLE,STREET,NA,1,"c(-76.6597245074811, 39.3276878736329)"
5004M00000fa0O0QAI,20-00716246,SW-HGW,API,2020-10-20T13:03:52Z,Open,2020-10-20T13:03:52Z,2020-12-04T13:03:52Z,Solid Waste,Service Response,"3506 REISTERSTOWN RD, Baltimore City, 21215",21215,PARK CIRCLE,6,Northwestern,39.32779941548838,-76.65979858087404,NA,NA,NA,NA,2020-12-04,13:47:11,1A,3500 PARK HEIGHTS AV,HOMICIDE,Outside,FIREARM,612,NORTHWEST,PARK CIRCLE,STREET,NA,1,"c(-76.659798580874, 39.3277994154884)"
5004M00000g8JI7QAM,20-00735371,BGE-StLight(s) Out,API,2020-10-28T11:17:41Z,Open,2020-10-29T19:03:17Z,2020-11-01T11:17:41Z,BGE,Diagnose And/Or Repair,"REISTERSTOWN RD & SUFFOLK AVE, Baltimore City, 21215",21215,PARK CIRCLE,6,Northwestern,39.3270194943087,-76.65887093225945,NA,2020-10-29T19:01:00Z,Create C-Order damage,NA,2020-12-04,13:47:11,1A,3500 PARK HEIGHTS AV,HOMICIDE,Outside,FIREARM,612,NORTHWEST,PARK CIRCLE,STREET,NA,1,"c(-76.6588709322594, 39.3270194943087)"
5004M00000g938BQAQ,20-00752871,SW-Cleaning,API,2020-11-04T20:13:17Z,Open,2020-11-04T20:13:17Z,2020-12-18T20:13:17Z,Solid Waste,Service Response,"2705 ULMAN AVE, Baltimore City, 21215",21215,PARK CIRCLE,6,Northwestern,39.32890896864662,-76.65962419430112,NA,NA,NA,NA,2020-12-04,13:47:11,1A,3500 PARK HEIGHTS AV,HOMICIDE,Outside,FIREARM,612,NORTHWEST,PARK CIRCLE,STREET,NA,1,"c(-76.6596241943011, 39.3289089686466)"
5004M00000gB00WQAS,20-00800122,TRS-48 Hour Parking/Abandoned Vehicle,Phone,2020-11-25T19:28:16Z,Open,2020-11-25T19:30:07Z,2020-12-02T19:28:16Z,Transportation,Service Response,"3516 PARK HEIGHTS AVE, Baltimore City, 21215",21215,PARK CIRCLE,6,Northwestern,39.32869035709365,-76.65878894361583,NA,NA,NA,NA,2020-12-04,13:47:11,1A,3500 PARK HEIGHTS AV,HOMICIDE,Outside,FIREARM,612,NORTHWEST,PARK CIRCLE,STREET,NA,1,"c(-76.6587889436158, 39.3286903570936)"
5004M00000gBGlYQAW,20-00805981,SW-Cleaning,API,2020-11-30T14:33:13Z,Open,2020-11-30T14:33:12Z,2021-01-12T14:33:12Z,Solid Waste,Service Response,"3454 PARK HEIGHTS AVE, Baltimore City, 21215",21215,PARK CIRCLE,6,Northwestern,39.327748158101954,-76.65805388196051,NA,NA,NA,NA,2020-12-04,13:47:11,1A,3500 PARK HEIGHTS AV,HOMICIDE,Outside,FIREARM,612,NORTHWEST,PARK CIRCLE,STREET,NA,1,"c(-76.6580538819605, 39.327748158102)"
5004M00000gBSzrQAG,20-00810367,SW-HGW,API,2020-12-01T19:53:11Z,Open,2020-12-01T19:53:11Z,2021-01-13T19:53:11Z,Solid Waste,Service Response,"3463 COTTAGE AVE, Baltimore City, 21215",21215,PARK CIRCLE,6,Northwestern,39.328088831151646,-76.65705948756036,NA,NA,NA,NA,2020-12-04,13:47:11,1A,3500 PARK HEIGHTS AV,HOMICIDE,Outside,FIREARM,612,NORTHWEST,PARK CIRCLE,STREET,NA,1,"c(-76.6570594875604, 39.3280888311516)"
5004M00000gBT7yQAG,20-00810373,SW-HGW,API,2020-12-01T19:53:48Z,Open,2020-12-01T19:53:48Z,2021-01-13T19:53:48Z,Solid Waste,Service Response,"3461 COTTAGE AVE, Baltimore City, 21215",21215,PARK CIRCLE,6,Northwestern,39.32802225641718,-76.65706876294296,NA,NA,NA,NA,2020-12-04,13:47:11,1A,3500 PARK HEIGHTS AV,HOMICIDE,Outside,FIREARM,612,NORTHWEST,PARK CIRCLE,STREET,NA,1,"c(-76.657068762943, 39.3280222564172)"
5004M00000gBicdQAC,20-00815360,SW-Boarding,API,2020-12-03T17:04:28Z,Open,2020-12-03T17:04:27Z,2020-12-14T17:04:27Z,Solid Waste,Service Response,"3504 PARK HEIGHTS AVE, Baltimore City, 21215",21215,PARK CIRCLE,6,Northwestern,39.328362827388,-76.65854574209109,NA,NA,NA,NA,2020-12-04,13:47:11,1A,3500 PARK HEIGHTS AV,HOMICIDE,Outside,FIREARM,612,NORTHWEST,PARK CIRCLE,STREET,NA,1,"c(-76.6585457420911, 39.328362827388)"
5004M00000gBiUoQAK,20-00815318,SW-HGW,API,2020-12-03T16:53:11Z,Open,2020-12-03T16:53:11Z,2021-01-15T16:53:11Z,Solid Waste,Service Response,"3466 PARK HEIGHTS AVE, Baltimore City, 21215",21215,PARK CIRCLE,6,Northwestern,39.328017839436946,-76.65826542800046,NA,NA,NA,NA,2020-12-04,13:47:11,1A,3500 PARK HEIGHTS AV,HOMICIDE,Outside,FIREARM,612,NORTHWEST,PARK CIRCLE,STREET,NA,1,"c(-76.6582654280005, 39.3280178394369)"
5004M00000gBjaAQAS,20-00815775,SW-Cleaning,API,2020-12-03T18:43:19Z,Open,2020-12-03T18:43:19Z,2021-01-15T18:43:19Z,Solid Waste,Service Response,"3516 PARK HEIGHTS AVE, Baltimore City, 21215",21215,PARK CIRCLE,6,Northwestern,39.32869035709365,-76.65878894361583,NA,NA,NA,NA,2020-12-04,13:47:11,1A,3500 PARK HEIGHTS AV,HOMICIDE,Outside,FIREARM,612,NORTHWEST,PARK CIRCLE,STREET,NA,1,"c(-76.6587889436158, 39.3286903570936)"
5004M00000efFExQAM,20-00504987,SW-HGW,API,2020-08-04T13:58:11Z,Open,2020-08-04T13:58:11Z,2020-09-16T13:58:11Z,Solid Waste,Service Response,"509 TUNBRIDGE RD, Baltimore City, 21212",21212,MID-GOVANS,4,Northern,39.35634630628525,-76.60942930543746,NA,NA,NA,NA,2020-12-04,18:40:00,9S,500 TUNBRIDGE RD,SHOOTING,Outside,FIREARM,523,NORTHERN,MID-GOVANS,STREET,NA,1,"c(-76.6094293054375, 39.3563463062853)"
5004M00000g88xmQAA,20-00732037,SW-HGW,API,2020-10-26T19:53:46Z,Open,2020-10-26T19:53:46Z,2020-12-10T19:53:46Z,Solid Waste,Service Response,"507 TUNBRIDGE RD, Baltimore City, 21212",21212,MID-GOVANS,4,Northern,39.356353887710405,-76.60951068436675,NA,NA,NA,NA,2020-12-04,18:40:00,9S,500 TUNBRIDGE RD,SHOOTING,Outside,FIREARM,523,NORTHERN,MID-GOVANS,STREET,NA,1,"c(-76.6095106843668, 39.3563538877104)"
5004M00000epJitQAE,20-00585706,SW-HGW,API,2020-08-27T17:13:10Z,Open,2020-08-27T17:13:10Z,2020-10-09T17:13:10Z,Solid Waste,Service Response,"141 S AUGUSTA AVE, Baltimore City, 21229",21229,IRVINGTON,8,Southwestern,39.28402399353396,-76.68443237204964,NA,NA,NA,NA,2020-12-04,19:24:57,1A,200 S AUGUSTA AV,HOMICIDE,Outside,FIREARM,824,SOUTHWEST,IRVINGTON,PUBLIC AREA,NA,1,"c(-76.6844323720496, 39.284023993534)"
5004M00000fWuhZQAS,20-00633813,SW-HGW,API,2020-09-15T17:38:30Z,Open,2020-09-15T17:38:30Z,2020-10-28T17:38:30Z,Solid Waste,Service Response,"212 S COLLINS AVE, Baltimore City, 21229",21229,IRVINGTON,8,Southwestern,39.28283968829621,-76.68357595241415,NA,NA,NA,NA,2020-12-04,19:24:57,1A,200 S AUGUSTA AV,HOMICIDE,Outside,FIREARM,824,SOUTHWEST,IRVINGTON,PUBLIC AREA,NA,1,"c(-76.6835759524141, 39.2828396882962)"
5004M00000gBLn6QAG,20-00807893,TRS-48 Hour Parking/Abandoned Vehicle,Phone,2020-11-30T22:45:03Z,Open,2020-12-01T14:10:39Z,2020-12-08T14:09:12Z,Transportation,Service Response,"4105 MASSACHUSETTS AVE, Baltimore City, 21229",21229,IRVINGTON,8,Southwestern,39.28326205754735,-76.68361177382032,NA,NA,NA,NA,2020-12-04,19:24:57,1A,200 S AUGUSTA AV,HOMICIDE,Outside,FIREARM,824,SOUTHWEST,IRVINGTON,PUBLIC AREA,NA,1,"c(-76.6836117738203, 39.2832620575473)"
5004M00000gBYyxQAG,20-00812240,TRS-48 Hour Parking/Abandoned Vehicle,API,2020-12-02T15:10:06Z,Open,2020-12-02T15:15:10Z,2020-12-09T15:10:06Z,Transportation,Service Response,"4200 BLK EUCLID AVE, Baltimore City, 21229",21229,IRVINGTON,8,Southwestern,39.28251925721025,-76.68575871037679,NA,NA,NA,NA,2020-12-04,19:24:57,1A,200 S AUGUSTA AV,HOMICIDE,Outside,FIREARM,824,SOUTHWEST,IRVINGTON,PUBLIC AREA,NA,1,"c(-76.6857587103768, 39.2825192572102)"
5004M00000gBlOhQAK,20-00816710,HCD-Sanitation Property,API,2020-12-03T22:20:46Z,Open,2020-12-03T22:20:46Z,2020-12-13T22:20:46Z,Housing,Service Response,"229 S AUGUSTA AVE, Baltimore City, 21229",21229,IRVINGTON,8,Southwestern,39.282580234160285,-76.6843805987511,NA,NA,NA,NA,2020-12-04,19:24:57,1A,200 S AUGUSTA AV,HOMICIDE,Outside,FIREARM,824,SOUTHWEST,IRVINGTON,PUBLIC AREA,NA,1,"c(-76.6843805987511, 39.2825802341603)"
5004M00000gBlRWQA0,20-00816721,HCD-Illegal Dumping,API,2020-12-03T22:29:43Z,New,2020-12-03T22:29:43Z,2020-12-08T22:29:43Z,Housing,Service Response,"232 S COLLINS AVE, BC",21229,IRVINGTON,8,Southwestern,39.28273690814468,-76.68337112168518,NA,NA,NA,NA,2020-12-04,19:24:57,1A,200 S AUGUSTA AV,HOMICIDE,Outside,FIREARM,824,SOUTHWEST,IRVINGTON,PUBLIC AREA,NA,1,"c(-76.6833711216852, 39.2827369081447)"
5004M00000gBnrNQAS,20-00817070,HCD-Sanitation Property,API,2020-12-04T12:04:47Z,Open,2020-12-04T12:04:47Z,2020-12-14T12:04:47Z,Housing,Service Response,"233 S AUGUSTA AVE, Baltimore City, 21229",21229,IRVINGTON,8,Southwestern,39.28242270715399,-76.68435779378011,NA,NA,NA,NA,2020-12-04,19:24:57,1A,200 S AUGUSTA AV,HOMICIDE,Outside,FIREARM,824,SOUTHWEST,IRVINGTON,PUBLIC AREA,NA,1,"c(-76.6843577937801, 39.282422707154)"
5004M00000dyqxSQAQ,20-00353491,RP-Street Lighting Repairs,Internal,2020-06-15T17:16:04Z,New,2020-06-15T17:16:04Z,2020-06-29T17:16:04Z,Recreation & Parks,WO - Reset Light TimIng Clocks,"1612 MORRELL PARK AVE, Baltimore City, 21230",21230,MORRELL PARK,10,Southwestern,39.26383473560452,-76.6601210231896,NA,NA,NA,NA,2020-12-03,10:25:07,1K,1600 MORRELL PARK AV,HOMICIDE,Outside,KNIFE,831,SOUTHWEST,MORRELL PARK,STREET,NA,1,"c(-76.6601210231896, 39.2638347356045)"
5004M00000gB8pXQAS,20-00802238,TRS-48 Hour Parking/Abandoned Vehicle,Phone,2020-11-27T17:11:49Z,Open,2020-11-27T17:15:10Z,2020-12-04T17:11:49Z,Transportation,Service Response,"2844 GEORGETOWN RD, Baltimore City, 21230",21230,MORRELL PARK,10,Southwestern,39.26447138771283,-76.66146978300226,NA,NA,NA,NA,2020-12-03,10:25:07,1K,1600 MORRELL PARK AV,HOMICIDE,Outside,KNIFE,831,SOUTHWEST,MORRELL PARK,STREET,NA,1,"c(-76.6614697830023, 39.2644713877128)"
5004M00000e0VNNQA2,20-00407738,SW-HGW,API,2020-07-02T19:13:23Z,Open,2020-07-02T19:13:23Z,2020-08-14T19:13:23Z,Solid Waste,Service Response,"1311 MYRTLE AVE, Baltimore City, 21217",21217,UPTON,11,Central,39.29922691944885,-76.63261660869883,NA,NA,NA,NA,2020-12-03,23:22:44,9S,700 DOLPHIN ST,SHOOTING,Outside,FIREARM,123,CENTRAL,UPTON,STREET,Central,1,"c(-76.6326166086988, 39.2992269194488)"
5004M00000fX01SQAS,20-00635861,SW-HGW,API,2020-09-16T14:04:20Z,Open,2020-09-16T14:04:20Z,2020-10-29T14:04:20Z,Solid Waste,Service Response,"1103 MYRTLE AVE, Baltimore City, 21201",21201,UPTON,11,Central,39.297436147100086,-76.63039712441463,NA,NA,NA,NA,2020-12-03,23:22:44,9S,700 DOLPHIN ST,SHOOTING,Outside,FIREARM,123,CENTRAL,UPTON,STREET,Central,1,"c(-76.6303971244146, 39.2974361471001)"
5004M00000fa3FGQAY,20-00717774,SW-HGW,API,2020-10-20T18:08:11Z,Open,2020-10-20T18:08:11Z,2020-12-04T18:08:11Z,Solid Waste,Service Response,"1145 MYRTLE AVE, Baltimore City, 21201",21201,UPTON,11,Central,39.298001686102616,-76.63110845135358,NA,NA,NA,NA,2020-12-03,23:22:44,9S,700 DOLPHIN ST,SHOOTING,Outside,FIREARM,123,CENTRAL,UPTON,STREET,Central,1,"c(-76.6311084513536, 39.2980016861026)"
5004M00000faFHOQA2,20-00722498,SW-HGW,API,2020-10-22T13:13:26Z,Open,2020-10-22T13:13:26Z,2020-12-08T13:13:26Z,Solid Waste,Service Response,"701 DOLPHIN ST, Baltimore City, 21217",21217,UPTON,11,Central,39.2979477305234,-76.63150108254733,NA,NA,NA,NA,2020-12-03,23:22:44,9S,700 DOLPHIN ST,SHOOTING,Outside,FIREARM,123,CENTRAL,UPTON,STREET,Central,1,"c(-76.6315010825473, 39.2979477305234)"
5004M00000gAL4GQAW,20-00783882,SW-Cleaning,API,2020-11-18T19:13:12Z,Open,2020-11-18T19:13:12Z,2021-01-01T19:13:12Z,Solid Waste,Service Response,"620 DOLPHIN ST, Baltimore City, 21217",21217,UPTON,11,Central,39.298534143275084,-76.63122669730772,NA,NA,NA,NA,2020-12-03,23:22:44,9S,700 DOLPHIN ST,SHOOTING,Outside,FIREARM,123,CENTRAL,UPTON,STREET,Central,1,"c(-76.6312266973077, 39.2985341432751)"
5004M00000gBa1UQAS,20-00812578,SW-Cleaning,API,2020-12-02T16:48:19Z,Open,2020-12-02T16:48:19Z,2021-01-14T16:48:19Z,Solid Waste,Service Response,"1116 ARGYLE AVE, Baltimore City, 21201",21201,UPTON,11,Central,39.29809601801265,-76.62998240556085,NA,NA,NA,NA,2020-12-03,23:22:44,9S,700 DOLPHIN ST,SHOOTING,Outside,FIREARM,123,CENTRAL,UPTON,STREET,Central,1,"c(-76.6299824055609, 39.2980960180127)"
5004M00000gBa5VQAS,20-00812590,SW-Cleaning,API,2020-12-02T16:53:18Z,Open,2020-12-02T16:53:18Z,2021-01-14T16:53:17Z,Solid Waste,Service Response,"1126 ARGYLE AVE, Baltimore City, 21201",21201,UPTON,11,Central,39.29823309889748,-76.63014877480427,NA,NA,NA,NA,2020-12-03,23:22:44,9S,700 DOLPHIN ST,SHOOTING,Outside,FIREARM,123,CENTRAL,UPTON,STREET,Central,1,"c(-76.6301487748043, 39.2982330988975)"
5004M00000gBa93QAC,20-00812612,SW-Cleaning,API,2020-12-02T16:58:10Z,Open,2020-12-02T16:58:10Z,2021-01-14T16:58:10Z,Solid Waste,Service Response,"1128 ARGYLE AVE, Baltimore City, 21201",21201,UPTON,11,Central,39.298257757841434,-76.63018114484113,NA,NA,NA,NA,2020-12-03,23:22:44,9S,700 DOLPHIN ST,SHOOTING,Outside,FIREARM,123,CENTRAL,UPTON,STREET,Central,1,"c(-76.6301811448411, 39.2982577578414)"
5004M00000gBq86QAC,20-00817995,TRS-48 Hour Parking/Abandoned Vehicle,Phone,2020-12-04T16:18:52Z,Open,2020-12-04T16:20:08Z,2020-12-11T16:18:52Z,Transportation,Service Response,"1101 MYRTLE AVE, Baltimore City, 21201",21201,UPTON,11,Central,39.29737198363402,-76.6303547616842,NA,NA,NA,NA,2020-12-03,23:22:44,9S,700 DOLPHIN ST,SHOOTING,Outside,FIREARM,123,CENTRAL,UPTON,STREET,Central,1,"c(-76.6303547616842, 39.297371983634)"
5004M00000gBtITQA0,20-00819463,SW-Mixed Refuse,Phone,2020-12-04T22:27:28Z,New,2020-12-04T22:27:28Z,2020-12-07T22:27:28Z,Solid Waste,Service Response,"1130 MYRTLE AVE, Baltimore City, 21201",21201,UPTON,11,Central,39.29747783114398,-76.63102252025853,NA,NA,NA,NA,2020-12-03,23:22:44,9S,700 DOLPHIN ST,SHOOTING,Outside,FIREARM,123,CENTRAL,UPTON,STREET,Central,1,"c(-76.6310225202585, 39.297477831144)"
5004M00000gAz90QAC,20-00800308,TRS-48 Hour Parking/Abandoned Vehicle,Phone,2020-11-25T20:08:48Z,Open,2020-11-25T20:08:48Z,2020-12-02T20:08:48Z,Transportation,Service Response,"5129 HARFORD RD, Baltimore City, 21214",21214,WALTHERSON,3,Northeastern,39.34868330356455,-76.5641865797563,NA,NA,NA,NA,2020-12-03,04:44:00,9S,5100 HARFORD RD,SHOOTING,Inside,FIREARM,421,NORTHEAST,LAURAVILLE,DWELLING,NA,1,"c(-76.5641865797563, 39.3486833035645)"
5004M00000e1XvAQAU,20-00442248,SW-HGW,API,2020-07-14T18:53:19Z,Open,2020-07-14T18:53:19Z,2020-08-25T18:53:19Z,Solid Waste,Service Response,"1408 ARGYLE AVE, Baltimore City, 21217",21217,UPTON,11,Central,39.30055624841095,-76.63306285336964,NA,NA,NA,NA,2020-12-02,20:07:14,1O,600 MOSHER ST,HOMICIDE,Inside,OTHER,123,CENTRAL,UPTON,DWELLING,Central,1,"c(-76.6330628533696, 39.3005562484109)"
5004M00000edprXQAQ,20-00459001,SW-Cleaning,API,2020-07-20T19:55:55Z,Open,2020-07-20T19:55:55Z,2020-08-31T19:55:55Z,Solid Waste,Service Response,"1416 ARGYLE AVE, Baltimore City, 21217",21217,UPTON,11,Central,39.30070003063555,-76.63320805918062,NA,NA,NA,NA,2020-12-02,20:07:14,1O,600 MOSHER ST,HOMICIDE,Inside,OTHER,123,CENTRAL,UPTON,DWELLING,Central,1,"c(-76.6332080591806, 39.3007000306355)"
5004M00000edxKPQAY,20-00462547,SW-HGW,API,2020-07-21T20:25:38Z,Open,2020-07-21T20:25:38Z,2020-09-01T20:25:38Z,Solid Waste,Service Response,"1403 SHIELDS PL, Baltimore City, 21217",21217,UPTON,11,Central,39.30038801140013,-76.63330098129872,NA,NA,NA,NA,2020-12-02,20:07:14,1O,600 MOSHER ST,HOMICIDE,Inside,OTHER,123,CENTRAL,UPTON,DWELLING,Central,1,"c(-76.6333009812987, 39.3003880114001)"
5004M00000fa3XlQAI,20-00718043,SW-HGW,API,2020-10-20T18:58:20Z,Open,2020-10-20T18:58:20Z,2020-12-04T18:58:20Z,Solid Waste,Service Response,"1435 MYRTLE AVE, Baltimore City, 21217",21217,UPTON,11,Central,39.30055211283733,-76.63426892623637,NA,NA,NA,NA,2020-12-02,20:07:14,1O,600 MOSHER ST,HOMICIDE,Inside,OTHER,123,CENTRAL,UPTON,DWELLING,Central,1,"c(-76.6342689262364, 39.3005521128373)"
5004M00000faIkMQAU,20-00724381,SW-HGW,API,2020-10-22T19:18:20Z,Open,2020-10-22T19:18:20Z,2020-12-08T19:18:20Z,Solid Waste,Service Response,"1418 ARGYLE AVE, Baltimore City, 21217",21217,UPTON,11,Central,39.30073407255874,-76.63324750300718,NA,NA,NA,NA,2020-12-02,20:07:14,1O,600 MOSHER ST,HOMICIDE,Inside,OTHER,123,CENTRAL,UPTON,DWELLING,Central,1,"c(-76.6332475030072, 39.3007340725587)"
5004M00000g8KOaQAM,20-00735829,SW-Cleaning,API,2020-10-28T13:33:29Z,Open,2020-10-28T13:33:29Z,2020-12-14T13:33:29Z,Solid Waste,Service Response,"631 W LAFAYETTE AVE, Baltimore City, 21217",21217,UPTON,11,Central,39.300447098511654,-76.63242624540354,NA,NA,NA,NA,2020-12-02,20:07:14,1O,600 MOSHER ST,HOMICIDE,Inside,OTHER,123,CENTRAL,UPTON,DWELLING,Central,1,"c(-76.6324262454035, 39.3004470985117)"
5004M00000gBairQAC,20-00812838,SW-Cleaning,API,2020-12-02T17:48:18Z,Open,2020-12-02T17:48:18Z,2021-01-14T17:48:18Z,Solid Waste,Service Response,"1424 ARGYLE AVE, Baltimore City, 21217",21217,UPTON,11,Central,39.30084393701012,-76.63338863394009,NA,NA,NA,NA,2020-12-02,20:07:14,1O,600 MOSHER ST,HOMICIDE,Inside,OTHER,123,CENTRAL,UPTON,DWELLING,Central,1,"c(-76.6333886339401, 39.3008439370101)"
5004M00000gBaSRQA0,20-00812796,SW-Cleaning,API,2020-12-02T17:38:18Z,Open,2020-12-02T17:38:18Z,2021-01-14T17:38:18Z,Solid Waste,Service Response,"1426 ARGYLE AVE, Baltimore City, 21217",21217,UPTON,11,Central,39.300877628554495,-76.63343823323461,NA,NA,NA,NA,2020-12-02,20:07:14,1O,600 MOSHER ST,HOMICIDE,Inside,OTHER,123,CENTRAL,UPTON,DWELLING,Central,1,"c(-76.6334382332346, 39.3008776285545)"
5004M00000gBawoQAC,20-00812927,SW-HGW,API,2020-12-02T18:09:07Z,Open,2020-12-02T18:09:07Z,2021-01-14T18:09:07Z,Solid Waste,Service Response,"1410 ARGYLE AVE, Baltimore City, 21217",21217,UPTON,11,Central,39.300605511121105,-76.63309111542176,NA,NA,NA,NA,2020-12-02,20:07:14,1O,600 MOSHER ST,HOMICIDE,Inside,OTHER,123,CENTRAL,UPTON,DWELLING,Central,1,"c(-76.6330911154218, 39.3006055111211)"
5004M00000gBb7hQAC,20-00812986,SW-HGW,API,2020-12-02T18:28:12Z,Open,2020-12-02T18:28:12Z,2021-01-14T18:28:12Z,Solid Waste,Service Response,"1412 ARGYLE AVE, Baltimore City, 21217",21217,UPTON,11,Central,39.30063886332221,-76.63312449521176,NA,NA,NA,NA,2020-12-02,20:07:14,1O,600 MOSHER ST,HOMICIDE,Inside,OTHER,123,CENTRAL,UPTON,DWELLING,Central,1,"c(-76.6331244952118, 39.3006388633222)"
5004M00000gBb8BQAS,20-00812989,SW-Cleaning,API,2020-12-02T18:28:39Z,Open,2020-12-02T18:28:39Z,2021-01-14T18:28:39Z,Solid Waste,Service Response,"1414 ARGYLE AVE, Baltimore City, 21217",21217,UPTON,11,Central,39.30066923040614,-76.63318637431829,NA,NA,NA,NA,2020-12-02,20:07:14,1O,600 MOSHER ST,HOMICIDE,Inside,OTHER,123,CENTRAL,UPTON,DWELLING,Central,1,"c(-76.6331863743183, 39.3006692304061)"
5004M00000gBiEDQA0,20-00815264,SW-Boarding,API,2020-12-03T16:38:19Z,Open,2020-12-03T16:38:19Z,2020-12-14T16:38:19Z,Solid Waste,Service Response,"619 W LAFAYETTE AVE, Baltimore City, 21217",21217,UPTON,11,Central,39.300609494955864,-76.63222142001558,NA,NA,NA,NA,2020-12-02,20:07:14,1O,600 MOSHER ST,HOMICIDE,Inside,OTHER,123,CENTRAL,UPTON,DWELLING,Central,1,"c(-76.6322214200156, 39.3006094949559)"
5004M00000gBiHWQA0,20-00815292,SW-Cleaning,API,2020-12-03T16:48:12Z,Open,2020-12-03T16:48:11Z,2021-01-15T16:48:11Z,Solid Waste,Service Response,"1541 ARGYLE AVE, Baltimore City, 21217",21217,UPTON,11,Central,39.30219015864551,-76.63448099094732,NA,NA,NA,NA,2020-12-02,20:07:14,1O,600 MOSHER ST,HOMICIDE,Inside,OTHER,123,CENTRAL,UPTON,DWELLING,Central,1,"c(-76.6344809909473, 39.3021901586455)"
5004M00000gBiJHQA0,20-00815263,SW-Cleaning,API,2020-12-03T16:38:10Z,Open,2020-12-03T16:38:10Z,2021-01-15T16:38:10Z,Solid Waste,Service Response,"619 W LAFAYETTE AVE, Baltimore City, 21217",21217,UPTON,11,Central,39.300609494955864,-76.63222142001558,NA,NA,NA,NA,2020-12-02,20:07:14,1O,600 MOSHER ST,HOMICIDE,Inside,OTHER,123,CENTRAL,UPTON,DWELLING,Central,1,"c(-76.6322214200156, 39.3006094949559)"
5004M00000gBkqLQAS,20-00816470,SW-Boarding,API,2020-12-03T20:53:10Z,Open,2020-12-03T20:53:10Z,2020-12-14T20:53:10Z,Solid Waste,Service Response,"1541 ARGYLE AVE, Baltimore City, 21217",21217,UPTON,11,Central,39.30219015864551,-76.63448099094732,NA,NA,NA,NA,2020-12-02,20:07:14,1O,600 MOSHER ST,HOMICIDE,Inside,OTHER,123,CENTRAL,UPTON,DWELLING,Central,1,"c(-76.6344809909473, 39.3021901586455)"
5004M00000gBkuwQAC,20-00816505,SW-Cleaning,API,2020-12-03T21:03:42Z,Open,2020-12-03T21:03:41Z,2021-01-15T21:03:41Z,Solid Waste,Service Response,"1528 ARGYLE AVE, Baltimore City, 21217",21217,UPTON,11,Central,39.30175538819129,-76.63453003294642,NA,NA,NA,NA,2020-12-02,20:07:14,1O,600 MOSHER ST,HOMICIDE,Inside,OTHER,123,CENTRAL,UPTON,DWELLING,Central,1,"c(-76.6345300329464, 39.3017553881913)"
5004M00000gBlvSQAS,20-00816860,SW-Cleaning,API,2020-12-04T00:23:10Z,Open,2020-12-04T00:23:10Z,2021-01-16T00:23:10Z,Solid Waste,Service Response,"1526 ARGYLE AVE, Baltimore City, 21217",21217,UPTON,11,Central,39.301704933641375,-76.63451980574735,NA,NA,NA,NA,2020-12-02,20:07:14,1O,600 MOSHER ST,HOMICIDE,Inside,OTHER,123,CENTRAL,UPTON,DWELLING,Central,1,"c(-76.6345198057473, 39.3017049336414)"
5004M00000gBpHcQAK,20-00817722,SW-Boarding,API,2020-12-04T15:03:22Z,Open,2020-12-04T15:03:22Z,2020-12-15T15:03:22Z,Solid Waste,Service Response,"617 W LAFAYETTE AVE, Baltimore City, 21217",21217,UPTON,11,Central,39.30063462566973,-76.6321868097614,NA,NA,NA,NA,2020-12-02,20:07:14,1O,600 MOSHER ST,HOMICIDE,Inside,OTHER,123,CENTRAL,UPTON,DWELLING,Central,1,"c(-76.6321868097614, 39.3006346256697)"
5004M00000gBpOSQA0,20-00817720,SW-Cleaning,API,2020-12-04T15:03:12Z,Open,2020-12-04T15:03:12Z,2021-01-18T15:03:12Z,Solid Waste,Service Response,"617 W LAFAYETTE AVE, Baltimore City, 21217",21217,UPTON,11,Central,39.30063462566973,-76.6321868097614,NA,NA,NA,NA,2020-12-02,20:07:14,1O,600 MOSHER ST,HOMICIDE,Inside,OTHER,123,CENTRAL,UPTON,DWELLING,Central,1,"c(-76.6321868097614, 39.3006346256697)"
5004M00000fYUr1QAG,20-00676830,SW-HGW,API,2020-10-02T14:08:21Z,Open,2020-10-02T14:08:21Z,2020-11-18T14:08:21Z,Solid Waste,Service Response,"4831 BOWLAND AVE, Baltimore City, 21206",21206,FRANKFORD,2,Northeastern,39.31903643846974,-76.54989412009944,NA,NA,NA,NA,2020-12-01,22:20:09,9S,5500 Bowleys Ln,SHOOTING,Inside,FIREARM,443,NORTHEAST,FRANKFORD,PUBLIC AREA,NA,1,"c(-76.5498941200994, 39.3190364384697)"
5004M00000gBBwCQAW,20-00804120,TRS-48 Hour Parking/Abandoned Vehicle,Phone,2020-11-28T23:34:54Z,Open,2020-11-28T23:35:06Z,2020-12-04T23:34:54Z,Transportation,Service Response,"4810 CLAYBURY AVE, Baltimore City, 21206",21206,FRANKFORD,2,Northeastern,39.3184590969429,-76.55025934449644,NA,NA,NA,NA,2020-12-01,22:20:09,9S,5500 Bowleys Ln,SHOOTING,Inside,FIREARM,443,NORTHEAST,FRANKFORD,PUBLIC AREA,NA,1,"c(-76.5502593444964, 39.3184590969429)"
5004M00000dybAtQAI,20-00340936,SW-Cleaning,API,2020-06-12T13:28:50Z,Open,2020-06-12T13:28:50Z,2020-07-24T13:28:50Z,Solid Waste,Service Response,"305 S FULTON AVE, Baltimore City, 21223",21223,NEW SOUTHWEST/MOUNT CLARE,9,Southern,39.28412635380906,-76.64476269185354,NA,NA,NA,NA,2020-11-30,16:41:00,9S,300 S FULTON AV,SHOOTING,Outside,FIREARM,934,SOUTHERN,CARROLLTON RIDGE,STREET,Tri-District,1,"c(-76.6447626918535, 39.2841263538091)"
5004M00000e0JpzQAE,20-00401089,SW-Cleaning,API,2020-07-01T12:43:08Z,Open,2020-07-01T12:43:08Z,2020-08-13T12:43:08Z,Solid Waste,Service Response,"203 S MONROE ST, Baltimore City, 21223",21223,CARROLLTON RIDGE,9,Southern,39.28486083609782,-76.64658959184509,NA,NA,NA,NA,2020-11-30,16:41:00,9S,300 S FULTON AV,SHOOTING,Outside,FIREARM,934,SOUTHERN,CARROLLTON RIDGE,STREET,Tri-District,1,"c(-76.6465895918451, 39.2848608360978)"
5004M00000e0mxmQAA,20-00417449,SW-HGW,API,2020-07-06T20:23:58Z,Open,2020-07-06T20:23:58Z,2020-08-17T20:23:58Z,Solid Waste,Service Response,"1706 RAMSAY ST, Baltimore City, 21223",21223,NEW SOUTHWEST/MOUNT CLARE,9,Southern,39.283368997577085,-76.6440631922689,NA,NA,NA,NA,2020-11-30,16:41:00,9S,300 S FULTON AV,SHOOTING,Outside,FIREARM,934,SOUTHERN,CARROLLTON RIDGE,STREET,Tri-District,1,"c(-76.6440631922689, 39.2833689975771)"
5004M00000e0tgyQAA,20-00421001,SW-HGW,API,2020-07-07T19:39:51Z,Open,2020-07-07T19:39:51Z,2020-08-18T19:39:51Z,Solid Waste,Service Response,"328 S FULTON AVE, Baltimore City, 21223",21223,CARROLLTON RIDGE,9,Southern,39.283563430232675,-76.64511081114286,NA,NA,NA,NA,2020-11-30,16:41:00,9S,300 S FULTON AV,SHOOTING,Outside,FIREARM,934,SOUTHERN,CARROLLTON RIDGE,STREET,Tri-District,1,"c(-76.6451108111429, 39.2835634302327)"
5004M00000e0u5kQAA,20-00421310,SW-HGW,API,2020-07-07T20:28:32Z,Open,2020-07-07T20:28:32Z,2020-08-18T20:28:32Z,Solid Waste,Service Response,"1833 MCHENRY ST, Baltimore City, 21223",21223,CARROLLTON RIDGE,9,Southern,39.284131253594744,-76.64606551893428,NA,NA,NA,NA,2020-11-30,16:41:00,9S,300 S FULTON AV,SHOOTING,Outside,FIREARM,934,SOUTHERN,CARROLLTON RIDGE,STREET,Tri-District,1,"c(-76.6460655189343, 39.2841312535947)"
5004M00000e0x9LQAQ,20-00422413,SW-Cleaning,API,2020-07-08T12:28:10Z,Open,2020-07-08T12:28:09Z,2020-08-19T12:28:09Z,Solid Waste,Service Response,"1806 MCHENRY ST, Baltimore City, 21223",21223,CARROLLTON RIDGE,9,Southern,39.284442806578035,-76.6454707026087,NA,NA,NA,NA,2020-11-30,16:41:00,9S,300 S FULTON AV,SHOOTING,Outside,FIREARM,934,SOUTHERN,CARROLLTON RIDGE,STREET,Tri-District,1,"c(-76.6454707026087, 39.284442806578)"
5004M00000e1qiPQAQ,20-00451002,SW-HGW,API,2020-07-17T14:13:48Z,Open,2020-07-17T14:13:48Z,2020-08-28T14:13:48Z,Solid Waste,Service Response,"1704 RAMSAY ST, Baltimore City, 21223",21223,NEW SOUTHWEST/MOUNT CLARE,9,Southern,39.28336700290082,-76.64402153857279,NA,NA,NA,NA,2020-11-30,16:41:00,9S,300 S FULTON AV,SHOOTING,Outside,FIREARM,934,SOUTHERN,CARROLLTON RIDGE,STREET,Tri-District,1,"c(-76.6440215385728, 39.2833670029008)"
5004M00000e1qMxQAI,20-00450813,SW-HGW,API,2020-07-17T13:33:18Z,Open,2020-07-17T13:33:18Z,2020-08-28T13:33:18Z,Solid Waste,Service Response,"326 S FULTON AVE, Baltimore City, 21223",21223,CARROLLTON RIDGE,9,Southern,39.28360033036419,-76.64512027688875,NA,NA,NA,NA,2020-11-30,16:41:00,9S,300 S FULTON AV,SHOOTING,Outside,FIREARM,934,SOUTHERN,CARROLLTON RIDGE,STREET,Tri-District,1,"c(-76.6451202768887, 39.2836003303642)"
5004M00000e1qWsQAI,20-00450898,SW-HGW,API,2020-07-17T13:53:19Z,Open,2020-07-17T13:53:19Z,2020-08-28T13:53:19Z,Solid Waste,Service Response,"338 S FULTON AVE, Baltimore City, 21223",21223,CARROLLTON RIDGE,9,Southern,39.2833940234532,-76.64509978662507,NA,NA,NA,NA,2020-11-30,16:41:00,9S,300 S FULTON AV,SHOOTING,Outside,FIREARM,934,SOUTHERN,CARROLLTON RIDGE,STREET,Tri-District,1,"c(-76.6450997866251, 39.2833940234532)"
5004M00000edoFkQAI,20-00457866,SW-HGW,API,2020-07-20T16:38:40Z,Open,2020-07-20T16:38:40Z,2020-08-31T16:38:40Z,Solid Waste,Service Response,"1712 WILKENS AVE, Baltimore City, 21223",21223,NEW SOUTHWEST/MOUNT CLARE,9,Southern,39.28297361577166,-76.64450120165803,NA,NA,NA,NA,2020-11-30,16:41:00,9S,300 S FULTON AV,SHOOTING,Outside,FIREARM,934,SOUTHERN,CARROLLTON RIDGE,STREET,Tri-District,1,"c(-76.644501201658, 39.2829736157717)"
5004M00000ee133QAA,20-00463838,SW-HGW,API,2020-07-22T13:13:09Z,Open,2020-07-22T13:13:09Z,2020-09-02T13:13:09Z,Solid Waste,Service Response,"1847 MCHENRY ST, Baltimore City, 21223",21223,CARROLLTON RIDGE,9,Southern,39.28411614040443,-76.64636254361157,NA,NA,NA,NA,2020-11-30,16:41:00,9S,300 S FULTON AV,SHOOTING,Outside,FIREARM,934,SOUTHERN,CARROLLTON RIDGE,STREET,Tri-District,1,"c(-76.6463625436116, 39.2841161404044)"
5004M00000eeHJDQA2,20-00473385,SW-HGW,API,2020-07-24T14:18:18Z,Open,2020-07-24T14:18:18Z,2020-09-07T14:18:18Z,Solid Waste,Service Response,"1710 RAMSAY ST, Baltimore City, 21223",21223,NEW SOUTHWEST/MOUNT CLARE,9,Southern,39.28335739093385,-76.64414115293555,NA,NA,NA,NA,2020-11-30,16:41:00,9S,300 S FULTON AV,SHOOTING,Outside,FIREARM,934,SOUTHERN,CARROLLTON RIDGE,STREET,Tri-District,1,"c(-76.6441411529355, 39.2833573909339)"
5004M00000eejstQAA,20-00488334,SW-HGW,API,2020-07-29T19:23:31Z,Open,2020-07-29T19:23:31Z,2020-09-10T19:23:31Z,Solid Waste,Service Response,"1718 RAMSAY ST, Baltimore City, 21223",21223,NEW SOUTHWEST/MOUNT CLARE,9,Southern,39.28335941871678,-76.64440680629356,NA,NA,NA,NA,2020-11-30,16:41:00,9S,300 S FULTON AV,SHOOTING,Outside,FIREARM,934,SOUTHERN,CARROLLTON RIDGE,STREET,Tri-District,1,"c(-76.6444068062936, 39.2833594187168)"
5004M00000efFKCQA2,20-00505029,SW-HGW,API,2020-08-04T14:08:18Z,Open,2020-08-04T14:08:18Z,2020-09-16T14:08:18Z,Solid Waste,Service Response,"353 S FULTON AVE, Baltimore City, 21223",21223,NEW SOUTHWEST/MOUNT CLARE,9,Southern,39.283341229365966,-76.644710943385,NA,NA,NA,NA,2020-11-30,16:41:00,9S,300 S FULTON AV,SHOOTING,Outside,FIREARM,934,SOUTHERN,CARROLLTON RIDGE,STREET,Tri-District,1,"c(-76.644710943385, 39.283341229366)"
5004M00000enq5pQAA,20-00535118,SW-HGW,API,2020-08-12T20:17:15Z,Open,2020-08-12T20:17:15Z,2020-09-24T20:17:15Z,Solid Waste,Service Response,"337 S FULTON AVE, Baltimore City, 21223",21223,NEW SOUTHWEST/MOUNT CLARE,9,Southern,39.283604877012166,-76.64472824437377,NA,NA,NA,NA,2020-11-30,16:41:00,9S,300 S FULTON AV,SHOOTING,Outside,FIREARM,934,SOUTHERN,CARROLLTON RIDGE,STREET,Tri-District,1,"c(-76.6447282443738, 39.2836048770122)"
5004M00000eo37RQAQ,20-00542126,SW-HGW,API,2020-08-14T15:53:19Z,Open,2020-08-14T15:53:19Z,2020-09-28T15:53:19Z,Solid Waste,Service Response,"121 S FULTON AVE, Baltimore City, 21223",21223,UNION SQUARE,9,Southern,39.285491357956246,-76.64485054313488,NA,NA,NA,NA,2020-11-30,16:41:00,9S,300 S FULTON AV,SHOOTING,Outside,FIREARM,934,SOUTHERN,CARROLLTON RIDGE,STREET,Tri-District,1,"c(-76.6448505431349, 39.2854913579562)"
5004M00000epSAgQAM,20-00590509,SW-HGW,API,2020-08-28T18:23:39Z,Open,2020-08-28T18:23:39Z,2020-10-13T18:23:39Z,Solid Waste,Service Response,"1803 MCHENRY ST, Baltimore City, 21223",21223,CARROLLTON RIDGE,9,Southern,39.28415824379935,-76.64536061744626,NA,NA,NA,NA,2020-11-30,16:41:00,9S,300 S FULTON AV,SHOOTING,Outside,FIREARM,934,SOUTHERN,CARROLLTON RIDGE,STREET,Tri-District,1,"c(-76.6453606174463, 39.2841582437993)"
5004M00000epSB0QAM,20-00590513,SW-HGW,API,2020-08-28T18:23:57Z,Open,2020-08-28T18:23:57Z,2020-10-13T18:23:57Z,Solid Waste,Service Response,"1801 MCHENRY ST, Baltimore City, 21223",21223,CARROLLTON RIDGE,9,Southern,39.284159689456835,-76.64531679526391,NA,NA,NA,NA,2020-11-30,16:41:00,9S,300 S FULTON AV,SHOOTING,Outside,FIREARM,934,SOUTHERN,CARROLLTON RIDGE,STREET,Tri-District,1,"c(-76.6453167952639, 39.2841596894568)"
5004M00000eq65QQAQ,20-00609824,SW-HGW,API,2020-09-04T18:48:54Z,Open,2020-09-04T18:48:54Z,2020-10-20T18:48:54Z,Solid Waste,Service Response,"1837 DOVER ST, Baltimore City, 21223",21223,CARROLLTON RIDGE,9,Southern,39.28463742959691,-76.64624369897867,NA,NA,NA,NA,2020-11-30,16:41:00,9S,300 S FULTON AV,SHOOTING,Outside,FIREARM,934,SOUTHERN,CARROLLTON RIDGE,STREET,Tri-District,1,"c(-76.6462436989787, 39.2846374295969)"
5004M00000eqHdJQAU,20-00614563,SW-HGW,API,2020-09-08T13:03:43Z,Open,2020-09-08T13:03:43Z,2020-10-21T13:03:43Z,Solid Waste,Service Response,"1727 W PRATT ST, Baltimore City, 21223",21223,NEW SOUTHWEST/MOUNT CLARE,9,Southern,39.28512406439299,-76.64462927477243,NA,NA,NA,NA,2020-11-30,16:41:00,9S,300 S FULTON AV,SHOOTING,Outside,FIREARM,934,SOUTHERN,CARROLLTON RIDGE,STREET,Tri-District,1,"c(-76.6446292747724, 39.285124064393)"
5004M00000eqHiYQAU,20-00614612,SW-HGW,API,2020-09-08T13:13:43Z,Open,2020-09-08T13:13:43Z,2020-10-21T13:13:43Z,Solid Waste,Service Response,"1725 W PRATT ST, Baltimore City, 21223",21223,NEW SOUTHWEST/MOUNT CLARE,9,Southern,39.28512910488198,-76.64453497321017,NA,NA,NA,NA,2020-11-30,16:41:00,9S,300 S FULTON AV,SHOOTING,Outside,FIREARM,934,SOUTHERN,CARROLLTON RIDGE,STREET,Tri-District,1,"c(-76.6445349732102, 39.285129104882)"
5004M00000fXQNcQAO,20-00648350,SW-HGW,API,2020-09-21T18:03:12Z,Open,2020-09-21T18:03:12Z,2020-11-04T18:03:12Z,Solid Waste,Service Response,"226 S FULTON AVE, Baltimore City, 21223",21223,CARROLLTON RIDGE,9,Southern,39.28444475159431,-76.64515346907433,NA,NA,NA,NA,2020-11-30,16:41:00,9S,300 S FULTON AV,SHOOTING,Outside,FIREARM,934,SOUTHERN,CARROLLTON RIDGE,STREET,Tri-District,1,"c(-76.6451534690743, 39.2844447515943)"
5004M00000fXRH6QAO,20-00648953,SW-HGW,API,2020-09-21T19:54:22Z,Open,2020-09-21T19:54:22Z,2020-11-04T19:54:22Z,Solid Waste,Service Response,"308 S FULTON AVE, Baltimore City, 21223",21223,CARROLLTON RIDGE,9,Southern,39.28404382166444,-76.64513326297615,NA,NA,NA,NA,2020-11-30,16:41:00,9S,300 S FULTON AV,SHOOTING,Outside,FIREARM,934,SOUTHERN,CARROLLTON RIDGE,STREET,Tri-District,1,"c(-76.6451332629761, 39.2840438216644)"
5004M00000fXmipQAC,20-00658238,SW-HGW,API,2020-09-24T18:13:10Z,Open,2020-09-24T18:13:10Z,2020-11-09T18:13:10Z,Solid Waste,Service Response,"218 S FULTON AVE, Baltimore City, 21223",21223,CARROLLTON RIDGE,9,Southern,39.284599765253326,-76.64517080316976,NA,NA,NA,NA,2020-11-30,16:41:00,9S,300 S FULTON AV,SHOOTING,Outside,FIREARM,934,SOUTHERN,CARROLLTON RIDGE,STREET,Tri-District,1,"c(-76.6451708031698, 39.2845997652533)"
5004M00000fY1XeQAK,20-00665173,SW-HGW,API,2020-09-28T14:43:11Z,Open,2020-09-28T14:43:11Z,2020-11-12T14:43:10Z,Solid Waste,Service Response,"325 S MONROE ST, Baltimore City, 21223",21223,CARROLLTON RIDGE,9,Southern,39.283743660131094,-76.64649712494356,NA,NA,NA,NA,2020-11-30,16:41:00,9S,300 S FULTON AV,SHOOTING,Outside,FIREARM,934,SOUTHERN,CARROLLTON RIDGE,STREET,Tri-District,1,"c(-76.6464971249436, 39.2837436601311)"
5004M00000fYFcIQAW,20-00670890,SW-Cleaning,API,2020-09-30T12:55:06Z,Open,2020-09-30T12:55:06Z,2020-11-16T12:55:06Z,Solid Waste,Service Response,"214 S FULTON AVE, Baltimore City, 21223",21223,CARROLLTON RIDGE,9,Southern,39.284668902995065,-76.64516767183149,NA,NA,NA,NA,2020-11-30,16:41:00,9S,300 S FULTON AV,SHOOTING,Outside,FIREARM,934,SOUTHERN,CARROLLTON RIDGE,STREET,Tri-District,1,"c(-76.6451676718315, 39.2846689029951)"
5004M00000fYFQ3QAO,20-00670882,SW-Cleaning,API,2020-09-30T12:53:59Z,Open,2020-09-30T12:53:59Z,2020-11-16T12:53:59Z,Solid Waste,Service Response,"212 S FULTON AVE, Baltimore City, 21223",21223,CARROLLTON RIDGE,9,Southern,39.28470508029783,-76.64517027898097,NA,NA,NA,NA,2020-11-30,16:41:00,9S,300 S FULTON AV,SHOOTING,Outside,FIREARM,934,SOUTHERN,CARROLLTON RIDGE,STREET,Tri-District,1,"c(-76.645170278981, 39.2847050802978)"
5004M00000fYlp0QAC,20-00684291,SW-HGW,API,2020-10-06T13:53:46Z,Open,2020-10-06T13:53:46Z,2020-11-20T13:53:46Z,Solid Waste,Service Response,"343 S FULTON AVE, Baltimore City, 21223",21223,NEW SOUTHWEST/MOUNT CLARE,9,Southern,39.28351118792311,-76.64469940019619,NA,NA,NA,NA,2020-11-30,16:41:00,9S,300 S FULTON AV,SHOOTING,Outside,FIREARM,934,SOUTHERN,CARROLLTON RIDGE,STREET,Tri-District,1,"c(-76.6446994001962, 39.2835111879231)"
5004M00000fZ9e6QAC,20-00694278,SW-HGW,API,2020-10-09T16:53:11Z,Open,2020-10-09T16:53:10Z,2020-11-26T16:53:10Z,Solid Waste,Service Response,"211 S MONROE ST, Baltimore City, 21223",21223,CARROLLTON RIDGE,9,Southern,39.28473124007705,-76.64657189357641,NA,NA,NA,NA,2020-11-30,16:41:00,9S,300 S FULTON AV,SHOOTING,Outside,FIREARM,934,SOUTHERN,CARROLLTON RIDGE,STREET,Tri-District,1,"c(-76.6465718935764, 39.2847312400771)"
5004M00000fZXXHQA4,20-00703989,SW-Cleaning,API,2020-10-14T18:23:18Z,Open,2020-10-14T18:23:18Z,2020-11-30T18:23:18Z,Solid Waste,Service Response,"221 S FULTON AVE, Baltimore City, 21223",21223,NEW SOUTHWEST/MOUNT CLARE,9,Southern,39.28465547272664,-76.64479913952736,NA,NA,NA,NA,2020-11-30,16:41:00,9S,300 S FULTON AV,SHOOTING,Outside,FIREARM,934,SOUTHERN,CARROLLTON RIDGE,STREET,Tri-District,1,"c(-76.6447991395274, 39.2846554727266)"
5004M00000gB0eHQAS,20-00800503,SW-Cleaning,API,2020-11-25T21:08:19Z,Open,2020-11-25T21:08:19Z,2021-01-07T21:08:19Z,Solid Waste,Service Response,"316 S BRUCE ST, Baltimore City, 21223",21223,NEW SOUTHWEST/MOUNT CLARE,9,Southern,39.283813937293715,-76.64436081286608,NA,NA,NA,NA,2020-11-30,16:41:00,9S,300 S FULTON AV,SHOOTING,Outside,FIREARM,934,SOUTHERN,CARROLLTON RIDGE,STREET,Tri-District,1,"c(-76.6443608128661, 39.2838139372937)"
5004M00000gB7MjQAK,20-00801598,TRS-48 Hour Parking/Abandoned Vehicle,API,2020-11-27T14:10:54Z,Open,2020-11-27T14:15:21Z,2020-12-04T14:10:54Z,Transportation,Service Response,"1700 RAMSAY ST, Baltimore City, 21223",21223,NEW SOUTHWEST/MOUNT CLARE,9,Southern,39.283372735870785,-76.64393855397047,NA,NA,NA,NA,2020-11-30,16:41:00,9S,300 S FULTON AV,SHOOTING,Outside,FIREARM,934,SOUTHERN,CARROLLTON RIDGE,STREET,Tri-District,1,"c(-76.6439385539705, 39.2833727358708)"
5004M00000gBTdLQAW,20-00810641,SW-Cleaning,API,2020-12-01T20:43:30Z,Open,2020-12-01T20:43:30Z,2021-01-13T20:43:30Z,Solid Waste,Service Response,"306 S FULTON AVE, Baltimore City, 21223",21223,CARROLLTON RIDGE,9,Southern,39.28408072455484,-76.64514270665093,NA,NA,NA,NA,2020-11-30,16:41:00,9S,300 S FULTON AV,SHOOTING,Outside,FIREARM,934,SOUTHERN,CARROLLTON RIDGE,STREET,Tri-District,1,"c(-76.6451427066509, 39.2840807245548)"
5004M00000gBUIOQA4,20-00810881,SW-Cleaning,API,2020-12-01T22:18:24Z,Open,2020-12-01T22:18:24Z,2021-01-13T22:18:24Z,Solid Waste,Service Response,"309 S BRUCE ST, Baltimore City, 21223",21223,NEW SOUTHWEST/MOUNT CLARE,9,Southern,39.28386720315085,-76.64413154648635,NA,NA,NA,NA,2020-11-30,16:41:00,9S,300 S FULTON AV,SHOOTING,Outside,FIREARM,934,SOUTHERN,CARROLLTON RIDGE,STREET,Tri-District,1,"c(-76.6441315464863, 39.2838672031508)"
5004M00000gBcfuQAC,20-00813799,SW-HGW,API,2020-12-02T21:08:10Z,Open,2020-12-02T21:08:10Z,2021-01-14T21:08:10Z,Solid Waste,Service Response,"1808 MCHENRY ST, Baltimore City, 21223",21223,CARROLLTON RIDGE,9,Southern,39.28443665149815,-76.6455150572565,NA,NA,NA,NA,2020-11-30,16:41:00,9S,300 S FULTON AV,SHOOTING,Outside,FIREARM,934,SOUTHERN,CARROLLTON RIDGE,STREET,Tri-District,1,"c(-76.6455150572565, 39.2844366514981)"
5004M00000gBcUdQAK,20-00813777,SW-Cleaning,API,2020-12-02T20:58:09Z,Open,2020-12-02T20:58:09Z,2021-01-14T20:58:09Z,Solid Waste,Service Response,"1802 MCHENRY ST, Baltimore City, 21223",21223,CARROLLTON RIDGE,9,Southern,39.28444611448515,-76.64537959032137,NA,NA,NA,NA,2020-11-30,16:41:00,9S,300 S FULTON AV,SHOOTING,Outside,FIREARM,934,SOUTHERN,CARROLLTON RIDGE,STREET,Tri-District,1,"c(-76.6453795903214, 39.2844461144851)"
5004M00000gBkNsQAK,20-00816411,SW-HGW,API,2020-12-03T20:38:20Z,Open,2020-12-03T20:38:20Z,2021-01-15T20:38:20Z,Solid Waste,Service Response,"1803 RAMSAY ST, Baltimore City, 21223",21223,CARROLLTON RIDGE,9,Southern,39.28305343868793,-76.64508036956894,NA,NA,NA,NA,2020-11-30,16:41:00,9S,300 S FULTON AV,SHOOTING,Outside,FIREARM,934,SOUTHERN,CARROLLTON RIDGE,STREET,Tri-District,1,"c(-76.6450803695689, 39.2830534386879)"
5004M00000gBobfQAC,20-00817401,SW-Dirty Street,API,2020-12-04T13:48:18Z,New,2020-12-04T13:48:18Z,2020-12-15T13:48:18Z,Solid Waste,Service Response,"309 S MONROE ST, Baltimore City, 21223",21223,CARROLLTON RIDGE,9,Southern,39.28399556043075,-76.64650095428058,NA,NA,NA,NA,2020-11-30,16:41:00,9S,300 S FULTON AV,SHOOTING,Outside,FIREARM,934,SOUTHERN,CARROLLTON RIDGE,STREET,Tri-District,1,"c(-76.6465009542806, 39.2839955604308)"
5004M00000gBoXUQA0,20-00817400,SW-Boarding,API,2020-12-04T13:48:11Z,Open,2020-12-04T13:48:11Z,2020-12-15T13:48:11Z,Solid Waste,Service Response,"1831 RAMSAY ST, Baltimore City, 21223",21223,CARROLLTON RIDGE,9,Southern,39.2830307137247,-76.64566584429859,NA,NA,NA,NA,2020-11-30,16:41:00,9S,300 S FULTON AV,SHOOTING,Outside,FIREARM,934,SOUTHERN,CARROLLTON RIDGE,STREET,Tri-District,1,"c(-76.6456658442986, 39.2830307137247)"
5004M00000eodWcQAI,20-00562766,SW-HGW,API,2020-08-20T19:09:53Z,Open,2020-08-20T19:09:53Z,2020-10-02T19:09:53Z,Solid Waste,Service Response,"1704 PARKER CT, Baltimore City, 21217",21217,SANDTOWN-WINCHESTER,9,Western,39.29924519156631,-76.64489002558587,NA,NA,NA,NA,2020-11-30,15:30:00,1A,1800 W LAFAYETTE AV,HOMICIDE,Outside,FIREARM,724,WESTERN,SANDTOWN-WINCHESTER,STREET,NA,1,"c(-76.6448900255859, 39.2992451915663)"
5004M00000eoe3uQAA,20-00562753,SW-HGW,API,2020-08-20T19:08:59Z,Open,2020-08-20T19:08:59Z,2020-10-02T19:08:59Z,Solid Waste,Service Response,"1702 PARKER CT, Baltimore City, 21217",21217,SANDTOWN-WINCHESTER,9,Western,39.2992469434604,-76.64485107560033,NA,NA,NA,NA,2020-11-30,15:30:00,1A,1800 W LAFAYETTE AV,HOMICIDE,Outside,FIREARM,724,WESTERN,SANDTOWN-WINCHESTER,STREET,NA,1,"c(-76.6448510756003, 39.2992469434604)"
5004M00000ephRAQAY,20-00598128,SW-HGW,API,2020-09-01T13:33:38Z,Open,2020-09-01T13:33:38Z,2020-10-15T13:33:38Z,Solid Waste,Service Response,"1814 W LANVALE ST, Baltimore City, 21217",21217,HARLEM PARK,9,Western,39.29771707642283,-76.64650112257277,NA,NA,NA,NA,2020-11-30,15:30:00,1A,1800 W LAFAYETTE AV,HOMICIDE,Outside,FIREARM,724,WESTERN,SANDTOWN-WINCHESTER,STREET,NA,1,"c(-76.6465011225728, 39.2977170764228)"
5004M00000faWlHQAU,20-00730200,SW-HGW,API,2020-10-26T13:58:19Z,Open,2020-10-26T13:58:19Z,2020-12-10T13:58:19Z,Solid Waste,Service Response,"1724 W LANVALE ST, Baltimore City, 21217",21217,HARLEM PARK,9,Western,39.29777730847301,-76.64506930366782,NA,NA,NA,NA,2020-11-30,15:30:00,1A,1800 W LAFAYETTE AV,HOMICIDE,Outside,FIREARM,724,WESTERN,SANDTOWN-WINCHESTER,STREET,NA,1,"c(-76.6450693036678, 39.297777308473)"
5004M00000g8ORPQA2,20-00737778,SW-Cleaning,API,2020-10-28T20:03:39Z,Open,2020-10-28T20:03:39Z,2020-12-14T20:03:39Z,Solid Waste,Service Response,"1817 MOSHER ST, Baltimore City, 21217",21217,SANDTOWN-WINCHESTER,9,Western,39.29971315972389,-76.6470655000833,NA,NA,NA,NA,2020-11-30,15:30:00,1A,1800 W LAFAYETTE AV,HOMICIDE,Outside,FIREARM,724,WESTERN,SANDTOWN-WINCHESTER,STREET,NA,1,"c(-76.6470655000833, 39.2997131597239)"
5004M00000g91jFQAQ,20-00752050,SW-HGW,API,2020-11-04T17:28:10Z,Open,2020-11-04T17:28:10Z,2020-12-18T17:28:10Z,Solid Waste,Service Response,"839 N FULTON AVE, Baltimore City, 21217",21217,HARLEM PARK,9,Western,39.29868281976759,-76.64551092720068,NA,NA,NA,NA,2020-11-30,15:30:00,1A,1800 W LAFAYETTE AV,HOMICIDE,Outside,FIREARM,724,WESTERN,SANDTOWN-WINCHESTER,STREET,NA,1,"c(-76.6455109272007, 39.2986828197676)"
5004M00000gBKn0QAG,20-00807576,SW-Cleaning,API,2020-11-30T20:38:10Z,Open,2020-11-30T20:38:09Z,2021-01-12T20:38:09Z,Solid Waste,Service Response,"919 MCKEAN AVE, Baltimore City, 21217",21217,SANDTOWN-WINCHESTER,9,Western,39.29945415252788,-76.64662781072522,NA,NA,NA,NA,2020-11-30,15:30:00,1A,1800 W LAFAYETTE AV,HOMICIDE,Outside,FIREARM,724,WESTERN,SANDTOWN-WINCHESTER,STREET,NA,1,"c(-76.6466278107252, 39.2994541525279)"
5004M00000gBQikQAG,20-00809222,SW-HGW,API,2020-12-01T16:18:12Z,Open,2020-12-01T16:18:12Z,2021-01-13T16:18:12Z,Solid Waste,Service Response,"800 MCKEAN AVE, Baltimore City, 21217",21217,HARLEM PARK,9,Western,39.29792901974269,-76.6468603325932,NA,NA,NA,NA,2020-11-30,15:30:00,1A,1800 W LAFAYETTE AV,HOMICIDE,Outside,FIREARM,724,WESTERN,SANDTOWN-WINCHESTER,STREET,NA,1,"c(-76.6468603325932, 39.2979290197427)"
5004M00000gBUSPQA4,20-00810955,TRS-48 Hour Parking/Abandoned Vehicle,Phone,2020-12-01T22:55:04Z,Open,2020-12-01T22:55:04Z,2020-12-08T22:55:04Z,Transportation,Service Response,"1000 N FULTON AVE, Baltimore City, 21217",21217,SANDTOWN-WINCHESTER,9,Western,39.29997380845847,-76.6460917476857,NA,NA,NA,NA,2020-11-30,15:30:00,1A,1800 W LAFAYETTE AV,HOMICIDE,Outside,FIREARM,724,WESTERN,SANDTOWN-WINCHESTER,STREET,NA,1,"c(-76.6460917476857, 39.2999738084585)"
5004M00000g8CtKQAU,20-00732891,SW-HGW,API,2020-10-27T13:23:45Z,Open,2020-10-27T13:23:44Z,2020-12-11T13:23:44Z,Solid Waste,Service Response,"911 E PATAPSCO AVE, Baltimore City, 21225",21225,BROOKLYN,10,Southern,39.23458569944909,-76.59747917784469,NA,NA,NA,NA,2020-11-29,14:54:00,9S,3600 9TH ST,SHOOTING,Outside,FIREARM,912,SOUTHERN,BROOKLYN,PUBLIC AREA,Brooklyn,1,"c(-76.5974791778447, 39.2345856994491)"
5004M00000g97gSQAQ,20-00754449,SW-Cleaning,API,2020-11-05T15:03:42Z,Open,2020-11-05T15:03:42Z,2020-12-21T15:03:42Z,Solid Waste,Service Response,"833 E PATAPSCO AVE, Baltimore City, 21225",21225,BROOKLYN,10,Southern,39.23474261674106,-76.59798666431882,NA,NA,NA,NA,2020-11-29,14:54:00,9S,3600 9TH ST,SHOOTING,Outside,FIREARM,912,SOUTHERN,BROOKLYN,PUBLIC AREA,Brooklyn,1,"c(-76.5979866643188, 39.2347426167411)"
5004M00000g97rlQAA,20-00754519,SW-Cleaning,API,2020-11-05T15:23:26Z,Open,2020-11-05T15:23:26Z,2020-12-21T15:23:26Z,Solid Waste,Service Response,"831 E PATAPSCO AVE, Baltimore City, 21225",21225,BROOKLYN,10,Southern,39.23476053020303,-76.59804697361788,NA,NA,NA,NA,2020-11-29,14:54:00,9S,3600 9TH ST,SHOOTING,Outside,FIREARM,912,SOUTHERN,BROOKLYN,PUBLIC AREA,Brooklyn,1,"c(-76.5980469736179, 39.234760530203)"
5004M00000gB8ciQAC,20-00802165,SW-Cleaning,API,2020-11-27T16:43:11Z,Open,2020-11-27T16:43:11Z,2021-01-11T16:43:11Z,Solid Waste,Service Response,"833 PONTIAC AVE, Baltimore City, 21225",21225,BROOKLYN,10,Southern,39.233857606745715,-76.59884852724102,NA,NA,NA,NA,2020-11-29,14:54:00,9S,3600 9TH ST,SHOOTING,Outside,FIREARM,912,SOUTHERN,BROOKLYN,PUBLIC AREA,Brooklyn,1,"c(-76.598848527241, 39.2338576067457)"
5004M00000gBTvjQAG,20-00810756,SW-Cleaning,API,2020-12-01T21:23:28Z,Open,2020-12-01T21:23:28Z,2021-01-13T21:23:28Z,Solid Waste,Service Response,"3600 9TH ST, Baltimore City, 21225",21225,BROOKLYN,10,Southern,39.23455298455118,-76.59810911757768,NA,NA,NA,NA,2020-11-29,14:54:00,9S,3600 9TH ST,SHOOTING,Outside,FIREARM,912,SOUTHERN,BROOKLYN,PUBLIC AREA,Brooklyn,1,"c(-76.5981091175777, 39.2345529845512)"
5004M00000gBU0oQAG,20-00810787,SW-Cleaning,API,2020-12-01T21:33:11Z,Open,2020-12-01T21:33:11Z,2021-01-13T21:33:11Z,Solid Waste,Service Response,"3602 9TH ST, Baltimore City, 21225",21225,BROOKLYN,10,Southern,39.23451075700629,-76.59812449562128,NA,NA,NA,NA,2020-11-29,14:54:00,9S,3600 9TH ST,SHOOTING,Outside,FIREARM,912,SOUTHERN,BROOKLYN,PUBLIC AREA,Brooklyn,1,"c(-76.5981244956213, 39.2345107570063)"
5004M00000gBU5tQAG,20-00810825,SW-Cleaning,API,2020-12-01T21:43:34Z,Open,2020-12-01T21:43:34Z,2021-01-13T21:43:34Z,Solid Waste,Service Response,"3604 9TH ST, Baltimore City, 21225",21225,BROOKLYN,10,Southern,39.2344733299271,-76.5981461335825,NA,NA,NA,NA,2020-11-29,14:54:00,9S,3600 9TH ST,SHOOTING,Outside,FIREARM,912,SOUTHERN,BROOKLYN,PUBLIC AREA,Brooklyn,1,"c(-76.5981461335825, 39.2344733299271)"
5004M00000gBU5UQAW,20-00810822,SW-Cleaning,API,2020-12-01T21:43:11Z,Open,2020-12-01T21:43:11Z,2021-01-13T21:43:11Z,Solid Waste,Service Response,"3606 9TH ST, Baltimore City, 21225",21225,BROOKLYN,10,Southern,39.23443247354971,-76.59816484988099,NA,NA,NA,NA,2020-11-29,14:54:00,9S,3600 9TH ST,SHOOTING,Outside,FIREARM,912,SOUTHERN,BROOKLYN,PUBLIC AREA,Brooklyn,1,"c(-76.598164849881, 39.2344324735497)"
5004M00000gBbbmQAC,20-00813243,SW-Cleaning,API,2020-12-02T19:13:12Z,Open,2020-12-02T19:13:12Z,2021-01-14T19:13:12Z,Solid Waste,Service Response,"3603 BROOKLYN AVE, Baltimore City, 21225",21225,BROOKLYN,10,Southern,39.23507323088387,-76.59917518513795,NA,NA,NA,NA,2020-11-29,14:54:00,9S,3600 9TH ST,SHOOTING,Outside,FIREARM,912,SOUTHERN,BROOKLYN,PUBLIC AREA,Brooklyn,1,"c(-76.599175185138, 39.2350732308839)"
5004M00000gBc0cQAC,20-00813478,SW-Cleaning,API,2020-12-02T19:43:28Z,Open,2020-12-02T19:43:28Z,2021-01-14T19:43:28Z,Solid Waste,Service Response,"3613 BROOKLYN AVE, Baltimore City, 21225",21225,BROOKLYN,10,Southern,39.234667963981536,-76.59937098620215,NA,NA,NA,NA,2020-11-29,14:54:00,9S,3600 9TH ST,SHOOTING,Outside,FIREARM,912,SOUTHERN,BROOKLYN,PUBLIC AREA,Brooklyn,1,"c(-76.5993709862021, 39.2346679639815)"
5004M00000gBlsdQAC,20-00816846,SW-Boarding,API,2020-12-04T00:08:10Z,Open,2020-12-04T00:08:10Z,2020-12-15T00:08:10Z,Solid Waste,Service Response,"3606 9TH ST, Baltimore City, 21225",21225,BROOKLYN,10,Southern,39.23443247354971,-76.59816484988099,NA,NA,NA,NA,2020-11-29,14:54:00,9S,3600 9TH ST,SHOOTING,Outside,FIREARM,912,SOUTHERN,BROOKLYN,PUBLIC AREA,Brooklyn,1,"c(-76.598164849881, 39.2344324735497)"
5004M00000eps8DQAQ,20-00603248,SW-HGW,API,2020-09-02T19:28:57Z,Open,2020-09-02T19:28:57Z,2020-10-16T19:28:57Z,Solid Waste,Service Response,"3701 ARCADIA AVE, Baltimore City, 21215",21215,LANGSTON HUGHES,6,Northwestern,39.34345440456959,-76.6778721797641,NA,NA,NA,NA,2020-11-29,01:08:00,9S,4900 REISTERSTOWN RD,SHOOTING,Inside,FIREARM,613,NORTHWEST,LUCILLE PARK,PUBLIC AREA,Northwestern,1,"c(-76.6778721797641, 39.3434544045696)"
5004M00000fYlIaQAK,20-00683994,SW-HGW,API,2020-10-06T13:03:12Z,Open,2020-10-06T13:03:12Z,2020-11-20T13:03:12Z,Solid Waste,Service Response,"4856 REISTERSTOWN RD, Baltimore City, 21215",21215,LUCILLE PARK,6,Northwestern,39.34201279161104,-76.6779417258213,NA,NA,NA,NA,2020-11-29,01:08:00,9S,4900 REISTERSTOWN RD,SHOOTING,Inside,FIREARM,613,NORTHWEST,LUCILLE PARK,PUBLIC AREA,Northwestern,1,"c(-76.6779417258213, 39.342012791611)"
5004M00000fYp2xQAC,20-00685700,SW-HGW,API,2020-10-06T18:53:29Z,Open,2020-10-06T18:53:29Z,2020-11-20T18:53:29Z,Solid Waste,Service Response,"4904 CORDELIA AVE, Baltimore City, 21215",21215,LANGSTON HUGHES,6,Northwestern,39.34302348552349,-76.67902481020484,NA,NA,NA,NA,2020-11-29,01:08:00,9S,4900 REISTERSTOWN RD,SHOOTING,Inside,FIREARM,613,NORTHWEST,LUCILLE PARK,PUBLIC AREA,Northwestern,1,"c(-76.6790248102048, 39.3430234855235)"
5004M00000fYsq7QAC,20-00686861,SW-Cleaning,API,2020-10-07T12:33:19Z,Open,2020-10-07T12:33:19Z,2020-11-24T12:33:19Z,Solid Waste,Service Response,"4835 REISTERSTOWN RD, Baltimore City, 21215",21215,CENTRAL PARK HEIGHTS,6,Northwestern,39.342108900245165,-76.67691579180968,NA,NA,NA,NA,2020-11-29,01:08:00,9S,4900 REISTERSTOWN RD,SHOOTING,Inside,FIREARM,613,NORTHWEST,LUCILLE PARK,PUBLIC AREA,Northwestern,1,"c(-76.6769157918097, 39.3421089002452)"
5004M00000fYtFqQAK,20-00687015,SW-Cleaning,API,2020-10-07T13:28:32Z,Open,2020-10-07T13:28:32Z,2020-11-24T13:28:32Z,Solid Waste,Service Response,"4831 REISTERSTOWN RD, Baltimore City, 21215",21215,CENTRAL PARK HEIGHTS,6,Northwestern,39.34208220524162,-76.67680748061244,NA,NA,NA,NA,2020-11-29,01:08:00,9S,4900 REISTERSTOWN RD,SHOOTING,Inside,FIREARM,613,NORTHWEST,LUCILLE PARK,PUBLIC AREA,Northwestern,1,"c(-76.6768074806124, 39.3420822052416)"
5004M00000fZ40uQAC,20-00692194,SW-Cleaning,API,2020-10-08T19:19:14Z,Open,2020-10-08T19:19:14Z,2020-11-25T19:19:14Z,Solid Waste,Service Response,"4907 REISTERSTOWN RD, Baltimore City, 21215",21215,LANGSTON HUGHES,6,Northwestern,39.342397306155306,-76.67804090233926,NA,NA,NA,NA,2020-11-29,01:08:00,9S,4900 REISTERSTOWN RD,SHOOTING,Inside,FIREARM,613,NORTHWEST,LUCILLE PARK,PUBLIC AREA,Northwestern,1,"c(-76.6780409023393, 39.3423973061553)"
5004M00000gBtuIQAS,20-00819656,SW-Cleaning,API,2020-12-05T03:10:19Z,Open,2020-12-05T03:10:19Z,2021-01-19T03:10:19Z,Solid Waste,Service Response,"4901 REISTERSTOWN RD, Baltimore City, 21215",21215,LANGSTON HUGHES,6,Northwestern,39.34232474463314,-76.67781746549058,NA,NA,NA,NA,2020-11-29,01:08:00,9S,4900 REISTERSTOWN RD,SHOOTING,Inside,FIREARM,613,NORTHWEST,LUCILLE PARK,PUBLIC AREA,Northwestern,1,"c(-76.6778174654906, 39.3423247446331)"
5004M00000enfNeQAI,20-00528428,SW-HGW,API,2020-08-11T15:48:00Z,Open,2020-08-11T15:48:00Z,2020-09-23T15:48:00Z,Solid Waste,Service Response,"4314 REISTERSTOWN RD, Baltimore City, 21215",21215,TOWANDA-GRANTLEY,6,Northwestern,39.33791782882946,-76.66749854166291,NA,NA,NA,NA,2020-11-28,10:08:00,9S,2800 BOARMAN AV,SHOOTING,Outside,FIREARM,613,NORTHWEST,TOWANDA-GRANTLEY,STREET,NA,1,"c(-76.6674985416629, 39.3379178288295)"
5004M00000enmiFQAQ,20-00533075,SW-HGW,API,2020-08-12T14:07:14Z,Open,2020-08-12T14:07:14Z,2020-09-24T14:07:14Z,Solid Waste,Service Response,"4241 TOWANDA AVE, Baltimore City, 21215",21215,TOWANDA-GRANTLEY,6,Northwestern,39.336883863693885,-76.66754672564772,NA,NA,NA,NA,2020-11-28,10:08:00,9S,2800 BOARMAN AV,SHOOTING,Outside,FIREARM,613,NORTHWEST,TOWANDA-GRANTLEY,STREET,NA,1,"c(-76.6675467256477, 39.3368838636939)"
5004M00000enxRbQAI,20-00538953,SW-HGW,API,2020-08-13T20:03:29Z,Open,2020-08-13T20:03:28Z,2020-09-25T20:03:28Z,Solid Waste,Service Response,"4310 REISTERSTOWN RD, Baltimore City, 21215",21215,TOWANDA-GRANTLEY,6,Northwestern,39.33780995353657,-76.66741491699851,NA,NA,NA,NA,2020-11-28,10:08:00,9S,2800 BOARMAN AV,SHOOTING,Outside,FIREARM,613,NORTHWEST,TOWANDA-GRANTLEY,STREET,NA,1,"c(-76.6674149169985, 39.3378099535366)"
5004M00000eo4uBQAQ,20-00543432,SW-HGW,API,2020-08-14T19:23:20Z,Open,2020-08-14T19:23:19Z,2020-09-28T19:23:19Z,Solid Waste,Service Response,"4306 REISTERSTOWN RD, Baltimore City, 21215",21215,TOWANDA-GRANTLEY,6,Northwestern,39.33771573474096,-76.6673514046301,NA,NA,NA,NA,2020-11-28,10:08:00,9S,2800 BOARMAN AV,SHOOTING,Outside,FIREARM,613,NORTHWEST,TOWANDA-GRANTLEY,STREET,NA,1,"c(-76.6673514046301, 39.337715734741)"
5004M00000eoOk5QAE,20-00554717,SW-HGW,API,2020-08-18T20:28:21Z,Open,2020-08-18T20:28:21Z,2020-09-30T20:28:21Z,Solid Waste,Service Response,"4320 REISTERSTOWN RD, Baltimore City, 21215",21215,TOWANDA-GRANTLEY,6,Northwestern,39.33819177264693,-76.66764219421975,NA,NA,NA,NA,2020-11-28,10:08:00,9S,2800 BOARMAN AV,SHOOTING,Outside,FIREARM,613,NORTHWEST,TOWANDA-GRANTLEY,STREET,NA,1,"c(-76.6676421942198, 39.3381917726469)"
5004M00000eoTPaQAM,20-00556813,SW-HGW,API,2020-08-19T13:58:13Z,Open,2020-08-19T13:58:12Z,2020-10-01T13:58:12Z,Solid Waste,Service Response,"4308 REISTERSTOWN RD, Baltimore City, 21215",21215,TOWANDA-GRANTLEY,6,Northwestern,39.33776400976909,-76.6673904815245,NA,NA,NA,NA,2020-11-28,10:08:00,9S,2800 BOARMAN AV,SHOOTING,Outside,FIREARM,613,NORTHWEST,TOWANDA-GRANTLEY,STREET,NA,1,"c(-76.6673904815245, 39.3377640097691)"
5004M00000eoVkkQAE,20-00558263,SW-HGW,API,2020-08-19T17:38:20Z,Open,2020-08-19T17:38:20Z,2020-10-01T17:38:20Z,Solid Waste,Service Response,"2809 W COLD SPRING LN, Baltimore City, 21215",21215,TOWANDA-GRANTLEY,6,Northwestern,39.338361714650745,-76.66861145514716,NA,NA,NA,NA,2020-11-28,10:08:00,9S,2800 BOARMAN AV,SHOOTING,Outside,FIREARM,613,NORTHWEST,TOWANDA-GRANTLEY,STREET,NA,1,"c(-76.6686114551472, 39.3383617146507)"
5004M00000ep1ydQAA,20-00576038,SW-HGW,API,2020-08-25T14:18:20Z,Open,2020-08-25T14:18:20Z,2020-10-07T14:18:20Z,Solid Waste,Service Response,"2801 W COLD SPRING LN, Baltimore City, 21215",21215,TOWANDA-GRANTLEY,6,Northwestern,39.3384614815708,-76.66834010744361,NA,NA,NA,NA,2020-11-28,10:08:00,9S,2800 BOARMAN AV,SHOOTING,Outside,FIREARM,613,NORTHWEST,TOWANDA-GRANTLEY,STREET,NA,1,"c(-76.6683401074436, 39.3384614815708)"
5004M00000ep25PQAQ,20-00576079,SW-HGW,API,2020-08-25T14:28:10Z,Open,2020-08-25T14:28:10Z,2020-10-07T14:28:10Z,Solid Waste,Service Response,"2805 W COLD SPRING LN, Baltimore City, 21215",21215,TOWANDA-GRANTLEY,6,Northwestern,39.338418194612785,-76.66847175331841,NA,NA,NA,NA,2020-11-28,10:08:00,9S,2800 BOARMAN AV,SHOOTING,Outside,FIREARM,613,NORTHWEST,TOWANDA-GRANTLEY,STREET,NA,1,"c(-76.6684717533184, 39.3384181946128)"
5004M00000ep2RfQAI,20-00576286,SW-HGW,API,2020-08-25T15:03:12Z,Open,2020-08-25T15:03:12Z,2020-10-07T15:03:12Z,Solid Waste,Service Response,"2811 W COLD SPRING LN, Baltimore City, 21215",21215,TOWANDA-GRANTLEY,6,Northwestern,39.338323357826184,-76.66872738639398,NA,NA,NA,NA,2020-11-28,10:08:00,9S,2800 BOARMAN AV,SHOOTING,Outside,FIREARM,613,NORTHWEST,TOWANDA-GRANTLEY,STREET,NA,1,"c(-76.668727386394, 39.3383233578262)"
5004M00000epSQfQAM,20-00590858,SW-HGW,API,2020-08-28T19:24:07Z,Open,2020-08-28T19:24:07Z,2020-10-13T19:24:07Z,Solid Waste,Service Response,"4330 REISTERSTOWN RD, Baltimore City, 21215",21215,TOWANDA-GRANTLEY,6,Northwestern,39.33836941746698,-76.66788471705796,NA,NA,NA,NA,2020-11-28,10:08:00,9S,2800 BOARMAN AV,SHOOTING,Outside,FIREARM,613,NORTHWEST,TOWANDA-GRANTLEY,STREET,NA,1,"c(-76.667884717058, 39.338369417467)"
5004M00000fZ1HtQAK,20-00690730,SW-HGW,API,2020-10-08T14:18:20Z,Open,2020-10-08T14:18:20Z,2020-11-25T14:18:20Z,Solid Waste,Service Response,"4321 REISTERSTOWN RD, Baltimore City, 21215",21215,CENTRAL PARK HEIGHTS,6,Northwestern,39.337759518298874,-76.66669260416622,NA,NA,NA,NA,2020-11-28,10:08:00,9S,2800 BOARMAN AV,SHOOTING,Outside,FIREARM,613,NORTHWEST,TOWANDA-GRANTLEY,STREET,NA,1,"c(-76.6666926041662, 39.3377595182989)"
5004M00000fZ1JdQAK,20-00690710,SW-HGW,API,2020-10-08T14:13:11Z,Open,2020-10-08T14:13:11Z,2020-11-25T14:13:11Z,Solid Waste,Service Response,"4307 REISTERSTOWN RD, Baltimore City, 21215",21215,CENTRAL PARK HEIGHTS,6,Northwestern,39.337363286755846,-76.66651157143129,NA,NA,NA,NA,2020-11-28,10:08:00,9S,2800 BOARMAN AV,SHOOTING,Outside,FIREARM,613,NORTHWEST,TOWANDA-GRANTLEY,STREET,NA,1,"c(-76.6665115714313, 39.3373632867558)"
5004M00000fZ1M3QAK,20-00690728,SW-HGW,API,2020-10-08T14:18:10Z,Open,2020-10-08T14:18:10Z,2020-11-25T14:18:10Z,Solid Waste,Service Response,"4319 REISTERSTOWN RD, Baltimore City, 21215",21215,CENTRAL PARK HEIGHTS,6,Northwestern,39.337718237052684,-76.66666082729034,NA,NA,NA,NA,2020-11-28,10:08:00,9S,2800 BOARMAN AV,SHOOTING,Outside,FIREARM,613,NORTHWEST,TOWANDA-GRANTLEY,STREET,NA,1,"c(-76.6666608272903, 39.3377182370527)"
5004M00000fZ4DFQA0,20-00692326,SW-HGW,API,2020-10-08T19:48:44Z,Open,2020-10-08T19:48:43Z,2020-11-25T19:48:43Z,Solid Waste,Service Response,"4349 REISTERSTOWN RD, Baltimore City, 21215",21215,CENTRAL PARK HEIGHTS,6,Northwestern,39.33850628039963,-76.66727663323837,NA,NA,NA,NA,2020-11-28,10:08:00,9S,2800 BOARMAN AV,SHOOTING,Outside,FIREARM,613,NORTHWEST,TOWANDA-GRANTLEY,STREET,NA,1,"c(-76.6672766332384, 39.3385062803996)"
5004M00000fZ4HMQA0,20-00692363,SW-HGW,API,2020-10-08T19:58:48Z,Open,2020-10-08T19:58:48Z,2020-11-25T19:58:48Z,Solid Waste,Service Response,"4347 REISTERSTOWN RD, Baltimore City, 21215",21215,CENTRAL PARK HEIGHTS,6,Northwestern,39.33846025386549,-76.6672304522065,NA,NA,NA,NA,2020-11-28,10:08:00,9S,2800 BOARMAN AV,SHOOTING,Outside,FIREARM,613,NORTHWEST,TOWANDA-GRANTLEY,STREET,NA,1,"c(-76.6672304522065, 39.3384602538655)"
5004M00000g9HN7QAM,20-00758663,SW-HGW,API,2020-11-06T20:33:10Z,Open,2020-11-06T20:33:10Z,2020-12-22T20:33:10Z,Solid Waste,Service Response,"2807 W COLD SPRING LN, Baltimore City, 21215",21215,TOWANDA-GRANTLEY,6,Northwestern,39.33848083793138,-76.6686137864078,NA,NA,NA,NA,2020-11-28,10:08:00,9S,2800 BOARMAN AV,SHOOTING,Outside,FIREARM,613,NORTHWEST,TOWANDA-GRANTLEY,STREET,NA,1,"c(-76.6686137864078, 39.3384808379314)"
5004M00000g9tzPQAQ,20-00772932,SW-HGW,API,2020-11-13T17:48:18Z,Open,2020-11-13T17:48:18Z,2020-12-29T17:48:18Z,Solid Waste,Service Response,"2823 BOARMAN AVE, Baltimore City, 21215",21215,TOWANDA-GRANTLEY,6,Northwestern,39.337482749379745,-76.6684212987685,NA,NA,NA,NA,2020-11-28,10:08:00,9S,2800 BOARMAN AV,SHOOTING,Outside,FIREARM,613,NORTHWEST,TOWANDA-GRANTLEY,STREET,NA,1,"c(-76.6684212987685, 39.3374827493797)"
5004M00000epKLqQAM,20-00586114,SW-Cleaning,API,2020-08-27T18:33:36Z,Open,2020-08-27T18:33:36Z,2020-10-09T18:33:36Z,Solid Waste,Service Response,"1524 POPLAND ST, Baltimore City, 21226",21226,CURTIS BAY,10,Southern,39.22922777276436,-76.58940536285608,NA,NA,NA,NA,2020-11-28,14:10:00,9S,4100 PENNINGTON AV,SHOOTING,Outside,FIREARM,911,SOUTHERN,CURTIS BAY,STREET,NA,1,"c(-76.5894053628561, 39.2292277727644)"
5004M00000fXl1uQAC,20-00657290,SW-HGW,API,2020-09-24T15:09:19Z,Open,2020-09-24T15:09:19Z,2020-11-09T15:09:19Z,Solid Waste,Service Response,"4108 GRACE CT, Baltimore City, 21226",21226,CURTIS BAY,10,Southern,39.228114359921335,-76.58770134375109,NA,NA,NA,NA,2020-11-28,14:10:00,9S,4100 PENNINGTON AV,SHOOTING,Outside,FIREARM,911,SOUTHERN,CURTIS BAY,STREET,NA,1,"c(-76.5877013437511, 39.2281143599213)"
5004M00000faFbwQAE,20-00722582,SW-Cleaning,API,2020-10-22T13:38:11Z,Open,2020-10-22T13:38:11Z,2020-12-08T13:38:11Z,Solid Waste,Service Response,"4114 GRACE CT, Baltimore City, 21226",21226,CURTIS BAY,10,Southern,39.22792279099184,-76.58768693407731,NA,NA,NA,NA,2020-11-28,14:10:00,9S,4100 PENNINGTON AV,SHOOTING,Outside,FIREARM,911,SOUTHERN,CURTIS BAY,STREET,NA,1,"c(-76.5876869340773, 39.2279227909918)"
5004M00000gBsDrQAK,20-00819016,SW-Cleaning,API,2020-12-04T19:53:34Z,Open,2020-12-04T19:53:34Z,2021-01-18T19:53:34Z,Solid Waste,Service Response,"3914 PENNINGTON AVE, Baltimore City, 21226",21226,CURTIS BAY,10,Southern,39.22952262619654,-76.58904614455899,NA,NA,NA,NA,2020-11-28,14:10:00,9S,4100 PENNINGTON AV,SHOOTING,Outside,FIREARM,911,SOUTHERN,CURTIS BAY,STREET,NA,1,"c(-76.589046144559, 39.2295226261965)"
5004M00000gBsHyQAK,20-00819048,SW-Cleaning,API,2020-12-04T20:03:21Z,Open,2020-12-04T20:03:21Z,2021-01-18T20:03:21Z,Solid Waste,Service Response,"4025 PENNINGTON AVE, Baltimore City, 21226",21226,CURTIS BAY,10,Southern,39.22850693317843,-76.5885516386545,NA,NA,NA,NA,2020-11-28,14:10:00,9S,4100 PENNINGTON AV,SHOOTING,Outside,FIREARM,911,SOUTHERN,CURTIS BAY,STREET,NA,1,"c(-76.5885516386545, 39.2285069331784)"
5004M00000gBskCQAS,20-00819291,SW-Cleaning,API,2020-12-04T21:03:37Z,Open,2020-12-04T21:03:37Z,2021-01-18T21:03:37Z,Solid Waste,Service Response,"3912 PENNINGTON AVE, Baltimore City, 21226",21226,CURTIS BAY,10,Southern,39.22955695780302,-76.58904803163861,NA,NA,NA,NA,2020-11-28,14:10:00,9S,4100 PENNINGTON AV,SHOOTING,Outside,FIREARM,911,SOUTHERN,CURTIS BAY,STREET,NA,1,"c(-76.5890480316386, 39.229556957803)"
